,clinic.Headaches,clinic.MouthOpening,C.Sal.greyLevelNonuniformity.CXCL16_Saliva,C.TbTh,Ser.Sal.VE.Cadherin_m.Angiogenin_Saliva,C.C.greyLevelNonuniformity.runLengthNonuniformity,clinic.RestlessSleep,Sal.Sal.TIMP.1_Saliva.VEGF_Saliva,Sal.Sal.Angiogenin_Saliva.ENA.78_Saliva,Af.Sal.longRunLowGreyLevelEmphasis.1.VE.Cadherin_Saliva,clinic.Sal.Headaches.VE.Cadherin_Saliva,JS.JS,Af.JS.shortRunHighGreyLevelEmphasis.1.JS,demo.Ser.gender.MMP.7_m,clinic.Sal.RestlessSleep.Angiogenin_Saliva,demo.clinic.gender.MuscleSoreness,clinic.MuscleSoreness,demo.Af.age.greyLevelNonuniformity.1,Ser.Sal.VE.Cadherin_m.CXCL16_Saliva,Af.JS.longRunHighGreyLevelEmphasis.1.JS,clinic.Af.MouthOpening.TbSp.1,clinic.Sal.MouthOpening.PAI.1_Saliva,C.Af.TbTh.TbSp.1,clinic.Af.MouthOpening.greyLevelNonuniformity.1,clinic.Ser.MuscleSoreness.TRANCE_m,Af.Sal.greyLevelNonuniformity.1.TIMP.1_Saliva,demo.clinic.gender.RestlessSleep,C.Sal.TbN.VE.Cadherin_Saliva,C.Sal.runLengthNonuniformity.CXCL16_Saliva,Af.Ser.TbN.1.TGFb1_m,demo.Af.age.TbN.1,demo.Sal.gender.VEGF_Saliva,Ser.Ser.MMP.3_m.VEGF_m,Af.Ser.longRunEmphasis.1.PAI.1_m,clinic.Af.LowerBackPain.TbN.1,demo.C.gender.clusterProminence,clinic.Ser.LowerBackPain.CXCL16_m,Af.Ser.correlation.1.ENA.78_m,C.Sal.TbN.ENA.78_Saliva,Ser.Ser.ENA.78_m.TRANCE_m,demo.Sal.gender.TGFb1_Saliva,Sal.Sal.CXCL16_Saliva.TIMP.1_Saliva,Ser.Sal.TRANCE_m.CXCL16_Saliva,C.Af.greyLevelNonuniformity.longRunEmphasis.1,demo.age,Af.Ser.greyLevelNonuniformity.1.ENA.78_m,C.Af.clusterProminence.TbSp.1,C.Af.greyLevelNonuniformity.shortRunHighGreyLevelEmphasis.1,clinic.Ser.MuscleSoreness.TGFb1_m,Af.Ser.energy.1.OPG_m,clinic.Sal.RestlessSleep.PAI.1_Saliva,clinic.Sal.MuscleSoreness.TIMP.1_Saliva,Af.Sal.shortRunHighGreyLevelEmphasis.1.VE.Cadherin_Saliva,C.Sal.TbN.CXCL16_Saliva,Ser.Sal.ENA.78_m.TGFb1_Saliva,clinic.Ser.MuscleSoreness.TIMP.2_m,Af.Ser.longRunEmphasis.1.OPG_m,C.C.clusterProminence.runLengthNonuniformity,Af.Ser.TbN.1.TIMP.2_m,Af.Ser.longRunEmphasis.1.CXCL16_m,Ser.Sal.PAI.1_m.TGFb1_Saliva,C.Ser.greyLevelNonuniformity.TIMP.2_m,Ser.Sal.MMP.7_m.PAI.1_Saliva,clinic.Sal.MouthOpening.CXCL16_Saliva,Af.Af.correlation.1.longRunEmphasis.1,clinic.Af.Headaches.correlation.1,clinic.C.MouthOpening.greyLevelNonuniformity,Af.Ser.energy.1.MMP.7_m,Sal.JS.ENA.78_Saliva.JS,C.Sal.greyLevelNonuniformity.ENA.78_Saliva,Sal.Sal.Angiogenin_Saliva.VEGF_Saliva,clinic.Sal.Headaches.ENA.78_Saliva,demo.C.gender.greyLevelNonuniformity,C.Sal.TbTh.Angiogenin_Saliva,C.Ser.TbN.PAI.1_m,C.greyLevelNonuniformity,demo.Af.gender.greyLevelNonuniformity.1,clinic.Af.MuscleSoreness.shortRunHighGreyLevelEmphasis.1,Af.Ser.longRunLowGreyLevelEmphasis.1.VEGF_m,C.TbN,C.Ser.TbN.TGFb1_m,Ser.Ser.BDNF_m.TIMP.2_m,Af.Sal.TbN.1.TGFb1_Saliva,demo.Ser.age.TIMP.2_m,clinic.Sal.Headaches.PAI.1_Saliva,Ser.Sal.BDNF_m.Angiogenin_Saliva,Af.Ser.longRunLowGreyLevelEmphasis.1.TGFb1_m,demo.JS.gender.JS,Ser.Ser.ENA.78_m.TIMP.2_m,Af.shortRunHighGreyLevelEmphasis.1,clinic.JS.MouthOpening.JS,clinic.LowerBackPain,C.Af.TbTh.greyLevelNonuniformity.1,Af.JS.greyLevelNonuniformity.1.JS,Af.Sal.shortRunHighGreyLevelEmphasis.1.Angiogenin_Saliva,Af.Sal.TbN.1.TIMP.1_Saliva,clinic.Sal.LowerBackPain.ENA.78_Saliva,clinic.Sal.Headaches.TGFb1_Saliva,Af.Sal.greyLevelNonuniformity.1.TGFb1_Saliva,Af.Ser.longRunLowGreyLevelEmphasis.1.OPG_m,Ser.Sal.TIMP.2_m.PAI.1_Saliva,Af.longRunEmphasis.1,C.runLengthNonuniformity,C.Ser.TbTh.ENA.78_m,Sal.Angiogenin_Saliva,Ser.Sal.TIMP.2_m.VE.Cadherin_Saliva,Af.Af.energy.1.longRunEmphasis.1,Sal.Sal.ENA.78_Saliva.TIMP.1_Saliva,demo.Ser.gender.VEGF_m,Sal.Sal.CXCL16_Saliva.ENA.78_Saliva,Af.Af.longRunEmphasis.1.TbN.1,clinic.C.Headaches.TbTh,Af.JS.TbN.1.JS,Ser.Sal.TGFb1_m.TGFb1_Saliva,C.Af.TbTh.TbN.1,Af.Ser.greyLevelNonuniformity.1.VEGF_m,Af.Ser.longRunHighGreyLevelEmphasis.1.TRANCE_m,Sal.ENA.78_Saliva,clinic.Sal.LowerBackPain.CXCL16_Saliva,C.Af.greyLevelNonuniformity.correlation.1,Sal.JS.VE.Cadherin_Saliva.JS,Af.longRunHighGreyLevelEmphasis.1,demo.gender,clinic.Sal.LowerBackPain.TIMP.1_Saliva,Af.correlation.1,clinic.clinic.LowerBackPain.MouthOpening,Af.Ser.shortRunHighGreyLevelEmphasis.1.TGFb1_m,demo.clinic.gender.LowerBackPain,C.Sal.TbTh.VE.Cadherin_Saliva,demo.Ser.age.Angiogenin_m,C.Af.TbN.greyLevelNonuniformity.1,clinic.Af.MuscleSoreness.longRunHighGreyLevelEmphasis.1,Af.Ser.shortRunHighGreyLevelEmphasis.1.TRANCE_m,demo.Sal.age.TGFb1_Saliva,Af.Af.longRunEmphasis.1.shortRunHighGreyLevelEmphasis.1,demo.C.gender.TbN,Af.Ser.TbN.1.CXCL16_m,Sal.JS.Angiogenin_Saliva.JS,Af.energy.1,clinic.Af.MuscleSoreness.longRunEmphasis.1,Af.Sal.longRunEmphasis.1.ENA.78_Saliva,Ser.JS.Angiogenin_m.JS,Ser.Sal.MMP.7_m.ENA.78_Saliva,demo.Ser.age.MMP.7_m,C.JS.TbTh.JS
2022,0.536076131687243,0.504483641975309,0.501402366255144,0.507820679012346,0.465615432098765,0.353056481481481,0.242824074074074,0.196718827160494,0.132726646090535,0.122179938271605,0.104673353909465,0.0785663580246914,0.0844318930041152,0.0557969135802469,0.0760932098765432,0.0552647119341564,0.0328961934156379,0.0670740740740741,0.0230896090534979,0.0195811728395062,0.00797201646090535,0.0301375514403292,0.0403148148148148,0.0343111111111111,0.0345410493827161,0,0.0243374485596708,0.00195010288065844,0.00937572016460905,0.00417767489711934,0.014927366255144,0.00151213991769547,0,0.0135095679012346,0.00259866255144033,0,0.00076656378600823,0.0066738683127572,0,0.00119670781893004,0.000539609053497942,0.0027212962962963,0.0094619341563786,0.00119012345679012,0,0.0183444444444444,0,0.00490473251028807,0.00344413580246914,0.000236111111111111,0,0,0,0.0244047325102881,0.00792798353909465,0.0053298353909465,4.16666666666667e-05,0.000294855967078189,0.00858487654320988,0,0,0.00087037037037037,0,0,0,0,0,0.000596604938271605,0,0,0,0,0,0,0.00139485596707819,0,0.000840740740740741,0,0,0,0,0.000929526748971193,0,0.00806183127572016,0.0368445473251029,0.00116954732510288,0,0,0.000445884773662551,0,0,0,0,0,0,0,0,0,0,0,0,0,0,0.00053477366255144,0,0,0,0,0,0,0,0,0,0,0,0,0.0233721193415638,0,0,0,0,0,0,0,0,0,0,0,0,0,0,0,0,0.000944341563786008,0,0,0,0,0,0,0,0,0,0,0
2023,0.575506995884774,0.551241975308642,0.543423456790123,0.519673456790123,0.445697119341564,0.333593106995885,0.261675925925926,0.259305041152263,0.112840329218107,0.119000925925926,0.0981706790123457,0.0545622427983539,0.0816917695473251,0.0823421810699588,0.0602586419753086,0.0792131687242798,0.031220987654321,0.0518148148148148,0.0509251028806584,0.00153662551440329,0.0237382716049383,0.0352612139917695,0.0419145061728395,0.0305995884773663,0.0353478395061728,0.0258817901234568,0.00426337448559671,0,0.014823353909465,0.00741255144032922,0.0221859053497942,0.0250570987654321,0.00223724279835391,0.00255689300411523,0.00369012345679012,0.00737674897119342,0.0194037037037037,0.00460679012345679,0,0.00459485596707819,0,0,0.000915329218106996,0,0.00228374485596708,0.00512777777777778,0.00474125514403292,0.0141167695473251,0.000950102880658436,0.00333199588477366,0,0.0431098765432099,0.0135309670781893,0.00424310699588477,0.00371286008230453,0.0022130658436214,0.0244765432098765,0,0.00014619341563786,0.00951862139917696,0,0.000853497942386831,0,0,0,0,0,0,0.00514341563786008,0,0,0,0,0,0,0,0,0,0.0211332304526749,0,0.00164989711934156,0.000114300411522634,0,0.006040329218107,0,0.00150133744855967,0,0.00722479423868313,0.00180257201646091,0,0,0,0,0,0,0,0,0,0,0.0113104938271605,0,0,0,0,0,0.000820267489711934,0,0,0,0,0,0,0.00193312757201646,0,0,0,0,0.00284619341563786,0,0,0,0,1.69753086419753e-05,0,0,0.00044156378600823,0,0,0,0.00125174897119342,0,0,0,0,0,0,0,0,0,0,0,0,0,0,0
2024,0.539920987654321,0.551045781893004,0.496587860082305,0.462023353909465,0.439405452674897,0.272190740740741,0.250013683127572,0.175982510288066,0.0978314814814815,0.108812139917695,0.118486625514403,0.137760596707819,0.0458485596707819,0.0561862139917695,0.056029012345679,0.0643707818930041,0.036568621399177,0.0442753086419753,0.0318737654320988,0.0248960905349794,0.036507304526749,0.00451748971193416,0.0249559670781893,0.0228474279835391,0.0220434156378601,0.0219033950617284,0.0121,0.014087037037037,0.00242551440329218,0.00326430041152263,0.00662139917695473,0.000675411522633745,0.00807181069958848,0.00772685185185185,0.00906574074074074,0,0.00738302469135802,0.0348765432098765,0.0168397119341564,0.00749557613168724,0,0.00864454732510288,0.00226460905349794,0.0196671810699588,0.00601224279835391,0.00843569958847737,0,0.007175,0.00144835390946502,0.00670565843621399,0,0.00480133744855967,0,0.00671069958847737,0.00775843621399177,0.00187654320987654,0,0.0265493827160494,0.00801018518518518,0,0,0,5.34979423868313e-06,0,0.00522006172839506,0.0012712962962963,0,0,0,0,0,0,0.0230277777777778,0,0,0,0.00140761316872428,0,0,0,0,0.000652674897119342,0,0,0,1.80041152263374e-05,0,0,1.01851851851852e-05,0,0,0,0,0,0,0,0,0,0,0,0,0,0,0,0,0,0,0,0,0,0,0,0,0,0,0.000876851851851852,0,0,0,0.00740679012345679,0,0,0.000138374485596708,0,0,0,0,0,0,0,0,0,0,0,0,0,0,0,0,0,0,0,0,0,0
2025,0.528948456790123,0.535821193415638,0.499829423868313,0.552033127572017,0.422013580246914,0.34880524691358,0.30436841563786,0.243853086419753,0.120511625514403,0.0961308641975309,0.101645987654321,0.0827328189300412,0.0370788065843621,0.0538003086419753,0.0424387860082305,0.059826646090535,0.0346353909465021,0.0568599794238683,0.0485802469135802,0.0344704732510288,0.0291048353909465,0.0468432098765432,0,0.0377117283950617,0.0217225308641975,0.0577997942386831,0,0.0322018518518518,0.0378559670781893,0.0398318930041152,0.0316949588477366,0.00232283950617284,0.00908662551440329,0.000680452674897119,0.000886934156378601,0.00126759259259259,0.00966553497942387,0.00225987654320988,0.0104990740740741,0.00612397119341564,0,0,0.00840102880658436,0,0.00590792181069959,0.000434259259259259,0.0107199588477366,0,0.00122304526748971,0.00561553497942387,0.0196775720164609,0,0,0,0.0134451646090535,0.00996450617283951,0,0.00403971193415638,0.00412335390946502,0,0,0.00652417695473251,0.00416111111111111,0,0,0,0.000606995884773663,0.0130041152263374,0,0,0.00100792181069959,0,0,0.0114135802469136,0.00214074074074074,0.00219465020576132,0.00091440329218107,0,0,0.00705699588477366,0.00332201646090535,0,0,0,0,0,0.011284670781893,0,0,0,0,0.00493034979423868,0,0.000913168724279835,0,0.0203552469135802,0,0,0.010782304526749,0,0,0,0.00380329218106996,0.00243251028806584,0,0,0,0,0,0,0,0,0,0,0,0,0,0,0,0,0,0,0.00177026748971193,0,0.000358847736625514,0,0,0,0,0,0,0,0,0,0,0,0,0,3.61111111111111e-05,0,0,0,0,0,0
2026,0.565408127572016,0.487411111111111,0.535042386831276,0.534714403292181,0.451494444444444,0.343934979423868,0.297258230452675,0.277351131687243,0.12229012345679,0.0661432098765432,0.104998971193416,0.0963911522633745,0.0695871399176955,0.0681698559670782,0.0414737654320988,0.0482256172839506,0.0308508230452675,0.0479286008230453,0.0437279835390946,0.00627942386831276,0.0363320987654321,0.0444608024691358,0.0272294238683128,0.0381111111111111,0.0110534979423868,0.0167462962962963,0,0.0352454732510288,0.00358497942386831,0.0223534979423868,0.00268734567901235,0.00694382716049383,0.000383539094650206,0.0134480452674897,0,0,0.00653631687242798,0.00295565843621399,0,0.00594537037037037,0.0184985596707819,0,0.0101781893004115,0,0.00851759259259259,0.013712962962963,0,0.00129320987654321,0.00502325102880658,0.00122592592592593,0,0,0,0.0301344650205761,0.00798528806584362,0.00290884773662551,0.00166862139917695,0,0.00030462962962963,0.00475246913580247,0,0,0.00708086419753086,0.0202961934156379,0,0,0,0,0,0.0200341563786008,0.016238683127572,0,0,0.00193014403292181,0,0,0,0,0,0,0.00582592592592593,0,0,0,0,0.000811934156378601,0.000812139917695473,0,0.000761008230452675,0,0.000652366255144033,0,0,0,0,0,0,0,0,0,0,0,0,0.000249691358024691,0,0.0050477366255144,0,0,0,0,0,0,0,0,0,0,0,0,0,0,0,0,7.18106995884774e-05,0,0,0,0,0,0,0,0,0.0146937242798354,0,0,0,0,0,0,0,0,0,0,0,0,0
2027,0.521200102880658,0.496256995884774,0.495123353909465,0.461107510288066,0.460143621399177,0.314702160493827,0.275379835390947,0.193923971193416,0.129769341563786,0.0915828189300412,0.116499382716049,0.0804925925925926,0.0595289094650206,0.0629711934156379,0.0549122427983539,0.0501663580246914,0.0389791152263375,0.0275504115226337,0.0198105967078189,0.0503842592592593,0.0486894032921811,0.0141577160493827,0.0138053497942387,0.0366612139917695,0.0156873456790123,0.0108159465020576,0.00117119341563786,0.00876039094650206,0.00462150205761317,0.00277304526748971,0.00870205761316873,0.0117118312757202,0.0282908436213992,0.00492973251028807,0.00297654320987654,0.0172974279835391,0.00171399176954733,0.00474825102880658,0.00142633744855967,0.00806584362139918,0.00107366255144033,0.0185206790123457,0.00494876543209877,0.00842078189300412,0.00904022633744856,0.000567181069958848,0.003909670781893,0,0.0250845679012346,0.000394547325102881,0.00548508230452675,0,0,0.00269567901234568,0.0254089506172839,0.010340329218107,0.00184485596707819,0.0126952674897119,0.000314506172839506,0,0.00192098765432099,0.0132152263374486,0.0096951646090535,0.00523641975308642,0,0.00825637860082305,0,0.00646697530864198,0,0,0.00325102880658436,0,0,0.000794444444444444,0.0174849794238683,0.00393240740740741,0,0,0,0.00491471193415638,0.000647942386831276,0.000740740740740741,0,0,0,0.000684670781893004,2.77777777777778e-05,0,0.000592283950617284,0,0,1.12139917695473e-05,0,0,0,0,0,0,0,0,0,0.003625,0.00445380658436214,0.00492890946502058,0,0.000431378600823045,0,0,0,0,0,0,0.00618189300411523,0,0,0,0,0,0.00354958847736626,0.000758024691358025,0.0103012345679012,0,0.000989094650205761,0,0.00446141975308642,0,0,0,0,0,0,0,0,0,0,0,0,0.00144506172839506,0.00415061728395062,0,0,0,0,0,0
2028,0.536151234567901,0.486725925925926,0.475264094650206,0.501633127572017,0.437647530864198,0.278401028806584,0.258563683127572,0.216096604938272,0.150819032921811,0.102945576131687,0.10573878600823,0.135026646090535,0.0704803497942387,0.0550440329218107,0.077649279835391,0.0550448559670782,0.0610707818930041,0.0691033950617284,0.0404566872427984,0.0326734567901235,0.0520816872427984,0.0410187242798354,0.0549393004115226,0.0299578189300412,0.0316463991769547,0.015651646090535,0.0261871399176955,0.0351385802469136,0.0170319958847737,0.00755072016460905,0.00653261316872428,0.0141871399176955,0.0105190329218107,0.0375701646090535,0.000843518518518519,0.0164045267489712,0.00445185185185185,0,0.0103057613168724,0.00413487654320988,0,0.00100843621399177,0.00475915637860082,0,0.00551183127572016,0,0,0.000941358024691358,0,0,0.00230298353909465,0,0,0,0,0.00203518518518519,0.00732572016460905,0,0.00156646090534979,0,0.00288888888888889,5.55555555555556e-05,0.00143724279835391,0,0.00801635802469136,0.00127685185185185,0,0.00113374485596708,0,0,0.0150920781893004,0,0,0,0,1.80041152263374e-05,0,0,0,0.00407654320987654,0.000810390946502058,0.000245267489711934,0,0,0,0.00046358024691358,6.27572016460905e-06,0,0.000613065843621399,0.00423117283950617,0,3.13786008230453e-05,0,0,0,0,0,0,0,0,0,0.000761831275720165,1.80041152263374e-05,0,0.0118625514403292,0.00654969135802469,0,0,6.27572016460905e-06,0,0,0,0,0,0,0,0,0,0,0.00663405349794239,0,1.80041152263374e-05,0.000729218106995885,0,1.80041152263374e-05,0.000505452674897119,0,0,0,0,0,0,0,0.000991152263374486,0,0,0,0,1.80041152263374e-05,0.00670761316872428,0,0,0,0,0
2029,0.582024382716049,0.527945987654321,0.507334259259259,0.486007818930041,0.445412037037037,0.307790020576132,0.263590946502058,0.235327366255144,0.162971193415638,0.115861008230453,0.106196090534979,0.0909469135802469,0.0569504115226337,0.0601474279835391,0.0548704732510288,0.0124704732510288,0.0415807613168724,0.0441847736625514,0.0366399176954732,0.0295238683127572,0.0327110082304527,0.0379158436213992,0.0207658436213992,0.00816131687242798,0.03205,0.0099608024691358,0,0.0255227366255144,0.00684876543209877,0.00837314814814815,0,0.010034670781893,0.0213990740740741,0.000986008230452675,0.001040329218107,0.00198487654320988,0.00283477366255144,0.00495236625514403,0,0.0147269547325103,2.15020576131687e-05,0.0208855967078189,0.00178713991769547,0.0415513374485597,0.00203076131687243,0.0133677983539095,0.0172162551440329,0.00413292181069959,0.00139578189300412,0.00123117283950617,0.00478518518518518,0,0,0.00128641975308642,0.0192047325102881,0.00851748971193416,0,0.00125956790123457,0.00431069958847737,0.000801748971193416,0.00128960905349794,0.0247036008230453,0.000747119341563786,0.00995092592592593,0.00197088477366255,0.00368292181069959,0,0.000723456790123457,0,0.00228652263374486,0,0,0.00477047325102881,0,0.019482304526749,0,0,0,0,0,0,0,0.0291067901234568,0.00342458847736626,0.00222880658436214,0.00181543209876543,0.000594341563786008,0,0.00161615226337449,0,0,0.00158261316872428,0,0,0,0.000526028806584362,0,0,0,0,0,0,0,0.00243755144032922,0,0,0,0.00162901234567901,0.000519238683127572,0,0.00111882716049383,0,0,0.0101528806584362,0,0,0,0,0,0,0,0,4.50617283950617e-05,0,0,0,0,0,0,0,0,0,0.0145599794238683,0,0,0,0,0,0,0,0,0.00126460905349794,0,0,0
2030,0.579115534979424,0.54594146090535,0.505559567901235,0.477731275720165,0.426118518518519,0.302302674897119,0.260961111111111,0.219776440329218,0.154327057613169,0.131844341563786,0.0805994855967078,0.0849327160493827,0.0599506172839506,0.0480044238683128,0.0604840534979424,0.0597216049382716,0.0302628600823045,0.040333950617284,0.0212108024691358,0.073381378600823,0.0874891975308642,0.0123816872427984,0.0303355967078189,0.0437345679012346,0.0286602880658436,0.0413105967078189,0,0.00529259259259259,0.00670462962962963,0.00724639917695473,0,0.00446121399176955,0.00273518518518519,0.00809958847736626,0.013968621399177,0,0.0170361111111111,0.000379115226337449,0.0102995884773663,0.0162183127572016,0.00344444444444444,0,0.00754094650205761,0.0254490740740741,0.00301213991769547,0.013784670781893,0.00861810699588477,0.00329310699588477,0,0,0,0,0.000740740740740741,0,0,0.00377191358024691,0,0.000640637860082305,0.000903703703703704,0,0,0.00177685185185185,0,0,0,0.0306909465020576,0,0,0,0.0062309670781893,0.00370174897119342,0.00672510288065844,0.0113156378600823,0,0,0.000764506172839506,0.0191684156378601,0,0,0.00186707818930041,0,0.0116458847736626,0.00144722222222222,0,0,0.00267818930041152,0,0,0,0.00120648148148148,0,0.00221203703703704,0,0,0,0,0,0,0,0,1.28600823045267e-05,0.000617695473251029,0.000556584362139918,0,0,0,0,0,0,0,0,0.0121141975308642,0,0,0,0.00118600823045267,0,0,0,0,0,0.00116820987654321,0.000151337448559671,0,0.000824794238683128,0,0,0,0,0,0,0,0,0,0,0,0,0,0.000790534979423868,0,0,0,0,0,0
2031,0.555622427983539,0.469058024691358,0.508712860082305,0.466425617283951,0.463157510288066,0.304417283950617,0.238810082304527,0.191109053497942,0.115264711934156,0.0908975308641975,0.180155967078189,0.0876236625514403,0.112689094650206,0.0662402263374486,0.0207575102880658,0.0148473251028807,0.0713144032921811,0.0387701646090535,0.0397251028806584,0.00217757201646091,0.0401366255144033,0.0467721193415638,0.0337263374485597,0.0372255144032922,0.0289092592592593,0.00167767489711934,0.0187860082304527,0.0304501028806584,0.0393605967078189,0.00751800411522634,0.00185144032921811,0.0112598765432099,0.035652366255144,0.00278703703703704,0.0152366255144033,0.000553086419753086,0.0064761316872428,0.0164864197530864,0.00318384773662551,0.00897304526748971,0,0.00137047325102881,0.00492746913580247,0,0.00799475308641975,0.00612602880658436,0,0,0.0112182098765432,0.00700339506172839,0.0161634773662551,0.0180898148148148,0.00121347736625514,0.00513744855967078,0,0.0179013374485597,0.0022716049382716,0.00107006172839506,0.00130925925925926,0.0129712962962963,0,0,0.000492695473251029,0.0128987654320988,0.00275833333333333,0,0,0,0,0,0.000656893004115226,0,0,0,0,0.00450555555555556,0,0.0033108024691358,0,8.64197530864197e-06,0.00260452674897119,0,0,0,0,0.000427366255144033,8.74485596707819e-06,0,0.000290740740740741,0,0,0.000790534979423868,0,0,0,0,0,0,0,0,0,0.000499897119341564,8.64197530864197e-06,0,0,0.003065329218107,0,0,8.1275720164609e-06,0,0,0,0,0,0,0,0,0,0,0,0,0,0.000278600823045268,0,0.00110236625514403,0.00277716049382716,0,0.00912458847736626,0,0,0,0,0,0.00697150205761317,0.00197602880658436,0,0,0,8.64197530864197e-06,0,0,0,0,0,0
2032,0.551782818930041,0.487865534979424,0.531143312757202,0.456266358024691,0.431755452674897,0.330372736625514,0.283045164609053,0.262972427983539,0.127361934156379,0.145735288065844,0.0414114197530864,0.13069804526749,0.0546769547325103,0.063512962962963,0.0583388888888889,0.0632202674897119,0.025651646090535,0.0217627572016461,0.0625022633744856,0.061872633744856,0.0344880658436214,0.0374236625514403,0.0448630658436214,0.0316293209876543,0.0268451646090535,0.055955658436214,0.0264730452674897,0.0254343621399177,0.00354218106995885,0.0109719135802469,0.00995144032921811,0.0160314814814815,0.00241604938271605,0.0163011316872428,0.00719927983539095,0.00454310699588477,1.84156378600823e-05,0.00467211934156379,0.00945174897119342,0.00836409465020576,0.0584340534979424,0.0105166666666667,0.00703251028806584,0.0112933127572016,0.000625102880658436,0.00573179012345679,0.00599434156378601,0.0190025720164609,1.84156378600823e-05,0.00448487654320988,0.00415144032921811,0,0,0,0.00607880658436214,0.0015522633744856,0,0.00690637860082305,0.000395473251028807,0.0167712962962963,0.0173415637860082,0.00251141975308642,0.00782397119341564,0.00421831275720165,0,0,0.006365329218107,0.00205874485596708,0.00524197530864198,0,0.00275216049382716,0.00754382716049383,0,0.00974907407407407,0,0.0016940329218107,0,0,0,0.00135257201646091,0,0.00863024691358025,0,0,0,9.67078189300411e-06,0.00239639917695473,0,0.000626543209876543,0.00232654320987654,0,1.17283950617284e-05,0,0,0,0,0,0,0,0,0,0.000582921810699588,0.00046820987654321,9.67078189300411e-06,0,0.00113888888888889,0,0,0.000442181069958848,0,0.00403312757201646,0,0,0,0,0,0,0,0,0,0,0.000378189300411523,1.76954732510288e-05,0,0.000590740740740741,0,0,0,0,9.67078189300411e-06,0,0,0,0,0,0,0,0,0.000175514403292181,0,0.0119632716049383,0,0,0,0
2033,0.546965637860082,0.534033333333333,0.515739094650206,0.501041358024691,0.464824794238683,0.315680864197531,0.241924279835391,0.229000617283951,0.122930864197531,0.0870230452674897,0.0907289094650206,0.130634465020576,0.0929137860082305,0.0466274691358025,0.0970849794238683,0.0416082304526749,0.0367898148148148,0.0229221193415638,0.0397078189300412,0.0285067901234568,0.0413933127572016,0.0650657407407407,0.058265329218107,0.028766049382716,0.0330671810699588,0.0138274691358025,0.0355633744855967,0.0280112139917695,0.0278449588477366,0.0165038065843621,0,0.0131931069958848,0.00839701646090535,0.024162962962963,0,0,0.00360288065843621,0.00191296296296296,0.0104477366255144,0.00955627572016461,0,0.0172148148148148,0.00269927983539095,0,0.00383477366255144,0.00653374485596708,0,0.00859341563786008,0,0.00533981481481481,0.00670668724279835,0,0,0,0.00805545267489712,0.0140611111111111,0,0.00981141975308642,1.0082304526749e-05,0.0046641975308642,0.000547222222222222,0,0,0,0,0,0.0024679012345679,0,0,0,0,0.00792520576131687,0.0106805555555556,0.00262078189300412,0,0.0125631687242798,0,0,0,4.05349794238683e-05,0,0,0,0.00287654320987654,0,0.00544897119341564,0,0,0.00094022633744856,0,0,0.00178858024691358,0,0,0,0.00156759259259259,0,0,0,0,0.00147654320987654,0.000884053497942387,4.05349794238683e-05,0,0,0,0,0,0,0,0,0,0,0,0,0,0,0,0,0,0,0,0.000229526748971193,0.00110041152263374,4.05349794238683e-05,0,0,0.00213590534979424,0,0,0,0,0,0,0,0,0.00149197530864198,0,4.05349794238683e-05,0,0,0.0020022633744856,0,0,0.0097287037037037
2034,0.531574588477366,0.51360853909465,0.482536728395062,0.5103079218107,0.429477572016461,0.315786728395062,0.239372633744856,0.218721810699588,0.159016255144033,0.101124382716049,0.0954649176954732,0.0944420781893004,0.0566896090534979,0.062716975308642,0.0884180041152263,0.0812022633744856,0.0425404320987654,0.0432914609053498,0.0330196502057613,0.0416977366255144,0.0171725308641975,0.0235029835390946,0.0176963991769547,0.0258506172839506,0.0249340534979424,0.0290902263374486,0.0529778806584362,0.0321279835390946,0.0297739711934156,0.00537026748971193,0.00721800411522634,0.00798086419753086,0.00658899176954732,0.0115581275720165,0.00155041152263374,0.0015238683127572,0.00741512345679012,0.00922530864197531,0.0256910493827161,0.00440411522633745,0.00089537037037037,0.0199590534979424,0.0135301440329218,0,0.00857777777777778,0.00548703703703704,0.00242644032921811,0.00448621399176955,0.000600308641975309,0.00571738683127572,0.00437695473251029,0,0.00233528806584362,0.0319376543209877,0,0.00330740740740741,0.0163651234567901,0.0036488683127572,0.0102024691358025,0.001225,0.0137424897119342,0.000563786008230453,0,0,0,0,0,0.00634567901234568,0,0,0.00347736625514403,0,0.000512551440329218,0.00277119341563786,0.000865020576131687,0.00542860082304527,0,0.0199450617283951,0,0.0017701646090535,0,0.00879125514403292,0,0.00400216049382716,0,0.00144125514403292,0.00449146090534979,0,0.00109979423868313,0,0,3.90946502057613e-05,0,0,0,0.000511831275720165,0.00656893004115226,0,0,0.00875771604938272,0.00118888888888889,0,0,0,0.00318734567901235,0,0,0,0.00120905349794239,0,0,0.00473106995884774,0,0,0,0,0,0,0,0.00414989711934156,0,0,0.00228220164609054,0,0,0,0,0,0,0,0,0,0,0.0010216049382716,0,0,0.00450802469135802,0,0,0,0,0,0,0,0
2035,0.573311522633745,0.521105349794239,0.511758641975309,0.530878703703704,0.397010288065844,0.321374279835391,0.270234979423868,0.222131069958848,0.123573456790123,0.0998904320987654,0.0806332304526749,0.156497016460905,0.0557408436213992,0.0606440329218107,0.0247527777777778,0.0411012345679012,0.056890329218107,0.0221501028806584,0.0566038065843621,0.0676759259259259,0.0581820987654321,0.0221565843621399,0.0232220164609054,0.00535380658436214,0.0361373456790123,0.0238449588477366,0.00115257201646091,0,0.00369763374485597,0.012757304526749,0.000649794238683128,0.00536450617283951,0.00434722222222222,0.000650411522633745,0.00261399176954733,0.00291522633744856,0.00427335390946502,0.00414948559670782,0.000991049382716049,0.00378261316872428,0.00529619341563786,0,0.000907921810699589,0,0.0171685185185185,0.000676337448559671,0.0124434156378601,0.00060761316872428,0.00302211934156379,0.0038537037037037,0.0088667695473251,0.0409973251028807,0,0.000972942386831276,0.00524074074074074,0.00507890946502058,0.0200520576131687,0,0.00619084362139918,0.00153868312757202,0,0,0.00575956790123457,0.00109753086419753,0.00116358024691358,0.0101152263374486,0,0.00241111111111111,0,0.00428549382716049,0,0,0,0,0,0.00137890946502058,0.000454012345679012,0,0.000395164609053498,0.00296687242798354,0.00015843621399177,0.00159310699588477,0,0.00241224279835391,0,0.00179351851851852,0,0,0.000813271604938272,3.60082304526749e-06,0,0.00333755144032922,0,0,0,0.000611111111111111,0.00495452674897119,0,0,0.00572572016460905,0,4.51646090534979e-05,0.000388786008230453,0.00104341563786008,0,0,0,0.00115432098765432,0,0,0,0,0,0,0,0,0,0,0.00554495884773663,0,0,1.64609053497942e-06,0.00147705761316872,0,8.12757201646091e-06,0,0,0,0,0,0,0,0,0.00126131687242798,0.000954423868312757,0,0,0,0.00147355967078189,0,0,0,0,0,0
2036,0.571366872427984,0.471811316872428,0.500986316872428,0.454637654320988,0.450770473251029,0.333620781893004,0.241321604938272,0.231505144032922,0.164234670781893,0.110726131687243,0.10998950617284,0.0875651234567901,0.073127366255144,0.0658815843621399,0.0286592592592593,0.080016049382716,0.0482770576131687,0.0326375514403292,0.0409135802469136,0.0561304526748971,0.0348230452674897,0.0400299382716049,0.0496788065843621,0.029911316872428,0.0259318930041152,0.0148245884773663,0.0392017489711934,0.0107147119341564,0.00983765432098765,0.00935853909465021,0.0192894032921811,0.0129877572016461,0.0150211934156379,0.00580288065843621,0.00795092592592593,0.0206069958847737,0.00180761316872428,0.0265082304526749,0.0476488683127572,0.00114485596707819,0.00614125514403292,0.0113378600823045,0.00402736625514403,0,0.00132829218106996,0.0012917695473251,0.0017977366255144,0,0.000268106995884774,0.0138783950617284,0.00275102880658436,0.00195246913580247,0.00934187242798354,0.00148199588477366,0.00411358024691358,0.00619084362139918,0,0.00540051440329218,0.00246965020576132,0,0.00385699588477366,0.00175627572016461,0.00378364197530864,0.0143776748971193,0.00152397119341564,0,0,0.00149927983539095,0,0,0,0,0.00198786008230453,0,0,0.00178261316872428,0,0,0,0,0,0,0.00276985596707819,0,0,0.00249146090534979,0,0,0.000311316872427984,0,0.00121502057613169,0,0,0.00476738683127572,0,0,0,0,0,0,0,0,0,0,0,0.000463786008230453,0.0152845679012346,0,0,0,0,0,0,0,0,0,0,0.000577777777777778,0,0,0,0,9.1358024691358e-05,0,0,0,0,0,0,0,0.000439917695473251,0,0,0,0.00148662551440329,0,0,0.0113854938271605,0,0,0,0,0.000752777777777778,0,0
2037,0.558278086419753,0.54045,0.500841049382716,0.506245473251029,0.432101131687243,0.33456316872428,0.265134979423868,0.234912139917695,0.186294238683128,0.137272839506173,0.0991351851851852,0.127031378600823,0.119556275720165,0.068577366255144,0.0399511316872428,0.0472648148148148,0.0695977366255144,0.0411979423868313,0.0428929012345679,0.0330692386831276,0.0243598765432099,0.0215842592592593,0.0032048353909465,0.0111267489711934,0.0236694444444444,0.000477057613168724,0.0126458847736626,0.00390925925925926,0.022069341563786,0.0180254115226337,0.00355576131687243,0.00741358024691358,0.00155030864197531,0.0079880658436214,0.00553477366255144,0.0175908436213992,0.000873045267489712,0.00432325102880658,0,0.01117170781893,0.026376646090535,0.000572427983539095,0.0014559670781893,0,0.0109062757201646,0.00287119341563786,0.0226952674897119,0.00660833333333333,0,0.00604300411522634,0,0,0.00520030864197531,0.00235720164609053,0.00420997942386831,0.00287417695473251,0.00738240740740741,0.000992489711934156,0.00635895061728395,0,0,0.00853786008230453,0,0.0115630658436214,0,0.00647438271604938,0,0,0,0,0,0,0,0,0,0.00205390946502058,0,0.0282200617283951,0,0.00202448559670782,0,0.00831666666666667,0,0.0111199588477366,0.0186437242798354,0.000790946502057613,0.000431687242798354,0,0.000482818930041152,0.00303960905349794,0,8.74485596707819e-06,0,0,0,0,0,0,0,0,0,0.00133508230452675,8.74485596707819e-06,0,0,0.00874609053497942,0,0,0,0,0,0,0,0,0,0,0,0,0,0,0,8.74485596707819e-06,0.000122427983539095,0,0.000871399176954732,0,0,0,0,0,0,0,0,0,0,0,0,0,8.74485596707819e-06,0,0,0,0,0,0
2038,0.546219547325103,0.463934259259259,0.51761450617284,0.478400411522634,0.454197736625514,0.286672427983539,0.224350205761317,0.27692366255144,0.0922034979423868,0.0819066872427984,0.0461402263374486,0.0929479423868313,0.0469634773662551,0.0656853909465021,0.0210356995884774,0.0523373456790123,0.0221572016460905,0.0762387860082304,0.0290048353909465,0.0168407407407407,0.0404165637860082,0.0235572016460905,0.020666975308642,0.0293457818930041,0.0141044238683128,0.00379372427983539,0.0248305555555556,0.0235053497942387,0.0168243827160494,0.00609917695473251,0.00554598765432099,0.018202366255144,0.00522952674897119,0.00708528806584362,0.0142139917695473,0.00218796296296296,0.0044582304526749,0.0025880658436214,0.0537100823045268,0.00450699588477366,0.0176597736625514,0.000779835390946502,0.00596872427983539,0,0.00388662551440329,0.000605041152263374,0.0111253086419753,0,0.00849074074074074,0,0,0,0.0114152263374486,0,0.00125956790123457,0.00442952674897119,0.00760339506172839,0.00208775720164609,0.00165627572016461,0,0,0.00628847736625514,0,0,0,0.00074537037037037,0.00379454732510288,0.000693827160493827,0,0.00207664609053498,0,0,0.00178611111111111,0.000901851851851852,0,0.00264362139917695,0,0,0.00167355967078189,0,5.65843621399177e-06,0.000406893004115226,0,0.000526748971193416,0.00284084362139918,0.00121275720164609,0.00701121399176955,0,0.000763888888888889,0,0,0.000251028806584362,0,0,0,0,0,0,0,0,0.00537170781893004,0,0,0,0.0024462962962963,0,0,0,0,0,0,0,0,0,0,0,0,0,0,0,0,0,8.9917695473251e-05,0,0,0,0,0,0,0,0,0,0,0,0,0,0,0,0,0,0,0,0,0,0
2039,0.571224794238683,0.537548971193416,0.547556378600823,0.488551543209877,0.450640432098765,0.323899897119342,0.243504938271605,0.199950102880658,0.110007818930041,0.147950411522634,0.126901234567901,0.12743816872428,0.0855736625514403,0.055890329218107,0.0494027777777778,0.0881418724279835,0.023527366255144,0.0455829218106996,0.0348219135802469,0.031436316872428,0.0272468106995885,0.0108698559670782,0.0520911522633745,0.0572507201646091,0.0177991769547325,0.0135166666666667,0.00273189300411523,0.00894413580246914,0.00612561728395062,0.00834825102880658,0.013961316872428,0.000592592592592593,0.00919598765432099,0.00825493827160494,0.0180308641975309,0.0177188271604938,0.01842170781893,0.0046141975308642,0.00107304526748971,0.0210647119341564,0.00720977366255144,0.00483590534979424,0.00408888888888889,0,0.00311574074074074,0.00282366255144033,0.00765689300411523,0.00283569958847737,0.0277567901234568,0.00973446502057613,0.00155843621399177,0.0210526748971193,0.00368971193415638,0.00171615226337449,0.000321604938271605,0,0.0119017489711934,0.0015309670781893,0.000610288065843621,0.00169763374485597,0.00658847736625514,0.000670884773662551,0.000334259259259259,0.00136049382716049,0.00406203703703704,0,0,0.0166184156378601,0,0,0.0142605967078189,0,0.00124012345679012,0,0,1.74897119341564e-06,0,0,0,0.000271604938271605,0,0,0,0.000702674897119342,0,0.000733024691358025,0.00297417695473251,0,0.00185257201646091,0.000310802469135802,0,1.74897119341564e-06,0,0,0,0.000858333333333333,0.0132396090534979,0,0,0,0,1.74897119341564e-06,1.74897119341564e-06,0.000359156378600823,0,0,0.00923302469135802,0,0.000994341563786008,0,0,0,0,0,0.00347397119341564,0.000130144032921811,0,0,0,0,0,1.74897119341564e-06,0.000244650205761317,0,1.74897119341564e-06,0,0,0,0,0,0,0,0,0,0,0,0,0,1.74897119341564e-06,0,0,0.000436008230452675,0,0,0
2040,0.572124588477366,0.535528086419753,0.536295884773663,0.518680144032922,0.441377366255144,0.316800102880658,0.263549074074074,0.197299588477366,0.110913065843621,0.0847511316872428,0.10695987654321,0.126424176954733,0.0808746913580247,0.0606004115226337,0.0842631687242798,0.06294670781893,0.0328215020576132,0.0405550411522634,0.0600123456790123,0.0529781893004115,0.0194460905349794,0.0352641975308642,0.0586263374485597,0.0337852880658436,0.0408497942386831,0.0212832304526749,0.0138408436213992,0.00288888888888889,0.00330082304526749,0.0040787037037037,0.0173295267489712,0.0172862139917695,0.00250442386831276,0.0049167695473251,0.00555236625514403,7.40740740740741e-06,0.020727366255144,0.0156472222222222,0,0.00621893004115226,0.00129166666666667,0.012063683127572,0.00429156378600823,0.010308950617284,0.00864341563786008,0.00779763374485597,0,0.00565895061728395,0.00389711934156379,0.00233539094650206,0.0101845679012346,0.00756594650205761,0,0,0.00542438271604938,0,0,0,0.000523559670781893,0,0.00250246913580247,0,0.00551327160493827,0,0,0.00276471193415638,0,0.0187338477366255,0,0,0,0,0,0,0.00209578189300412,0.000784876543209876,0,0,0,0.0010679012345679,0,0.00499948559670782,0.00623652263374486,0,0,0.00526985596707819,0.000490329218106996,0,0.000422530864197531,0,0,0.000901234567901235,0,0,0,0.0010701646090535,0,0,0,0,0,0,0.000139197530864198,0,0,0,0,0,0,0,0,0.00623425925925926,0,0,0,0,0,0.00452489711934156,0.00519763374485597,0,0,0,0.000154115226337449,0,0.000808539094650206,0,0,0,0,0.00526553497942387,0,0,0,0,0,0,0,0,0.000223045267489712,0,0,0,0,0,0
2041,0.592212242798354,0.51043683127572,0.514136419753086,0.484383230452675,0.459935082304527,0.266918621399177,0.222553395061728,0.268494135802469,0.127188271604938,0.111218930041152,0.0948721193415638,0.0650044238683128,0.0644694444444444,0.0596891975308642,0.0402900205761317,0.0280877572016461,0.0564872427983539,0.0333433127572016,0.0361765432098765,0.0196389917695473,0.03514670781893,0.034880658436214,0.0304668724279835,0.0206177983539095,0.0150706790123457,0.0343351851851852,0.0139149176954733,0.0321939300411523,0.00732181069958848,0.00338179012345679,0.00539763374485597,0.00744701646090535,0.011131378600823,0.00141707818930041,0.0221460905349794,0.0117576131687243,0.00555010288065844,0.00141862139917695,0.000845267489711934,0.0121368312757202,0.00139876543209877,0,0.00232520576131687,0,0.0140343621399177,0.00607427983539095,0.00188621399176955,0.0152155349794239,0.000888065843621399,0.00505884773662551,0.00180977366255144,0.00225174897119342,0,0.00110123456790123,0.0161996913580247,0.00444763374485597,0.00596615226337449,0.0120635802469136,0.00639475308641975,0,0,0.00891100823045267,0.000897942386831276,0.000973251028806584,0,0,0,0.000748971193415638,0,0.00146635802469136,0,0,0,0,0,0.000377263374485597,0.00110987654320988,0,0,0,0.00218158436213992,0.00432530864197531,0,0,0,0.00176779835390946,0.00107355967078189,0,0.000472530864197531,0,0,0.00244753086419753,0,0,0,0,0,0.00124372427983539,0,0,0,0,0,0,0,0,0,0,0,0,0,0,0,0.00395843621399177,0.00226748971193416,0,0,0.0010843621399177,0,0,0,0,0.0024343621399177,0,0,0,0,0,0,0,0,0,0,0,0,0,0,0,0,0,0,0.000337345679012346,0,0,0
2042,0.571008024691358,0.5321170781893,0.507739300411523,0.480160288065844,0.481888683127572,0.299540226337449,0.254609465020576,0.230933436213992,0.118708950617284,0.14525658436214,0.121992181069959,0.146568312757202,0.0689454732510288,0.055066975308642,0.0361345679012346,0.0517569958847737,0.0614654320987654,0.0236690329218107,0.0439488683127572,0.0512728395061728,0.0351594650205761,0.0389125514403292,0.0198001028806584,0.00819753086419753,0.0136966049382716,0.0207161522633745,0.0426438271604938,0.0156567901234568,0.0103825102880658,0.0130041152263374,0.00586286008230453,0.00170154320987654,0.0183383744855967,0.00538528806584362,0,0.00110133744855967,0.00699146090534979,0.00325997942386831,0.00541985596707819,0.00640401234567901,0.0234333333333333,0.0015283950617284,0.000782201646090535,0,0,0.00276831275720165,0.00195493827160494,0.00955853909465021,0.0116593621399177,0,0.00180956790123457,0,0.00114454732510288,0.00214372427983539,0.000246810699588477,0.00291944444444444,0.00385514403292181,0.000792078189300411,0.00029320987654321,0,0.000562757201646091,0.0154253086419753,0,0,0,0,0,0,0,0,0.0100207818930041,0,0,0,0,0,0,0,0.0138065843621399,0,0.00038477366255144,0,0,0.000465946502057613,0,0.000751543209876543,0,0,0,0,0,0,0,0,0,0,0,0,0,0,0,0,0,0,0,0,0,0.00338713991769547,0,0,0,0,0,0,0,0,0,0,0,0,0,0,0.000161213991769547,0,0,0,0,0,0,0,0,0,0,0,0,0.00143086419753086,0,0,0,0,0,0,0,0,0
2043,0.587972736625514,0.513051543209877,0.478495884773663,0.525717386831276,0.449470679012346,0.307314403292181,0.234732304526749,0.20277829218107,0.143908333333333,0.0728215020576132,0.109800925925926,0.0863353909465021,0.047136316872428,0.0685574074074074,0.0293769547325103,0.065543621399177,0.0261469135802469,0.0323270576131687,0.0351691358024691,0.0845139917695473,0.0365696502057613,0.0363478395061728,0.0237727366255144,0.0317442386831276,0.0309393004115226,0.0379398148148148,0.0159769547325103,0.00407808641975309,0.0144486625514403,0.012693621399177,0.0183708847736626,0.0127856995884774,0.000963683127572016,0.0188525720164609,0.00239917695473251,0.0112456790123457,0.0110781893004115,0.000301028806584362,0,0.00280288065843621,0.0091343621399177,0.00153786008230453,0.0014406378600823,0,0.00176759259259259,0.00564465020576132,0.0104572016460905,0.00086820987654321,0.00118734567901235,0.00171409465020576,0,0.00178960905349794,0,0.00150524691358025,0.00481337448559671,0.00254526748971193,0.000390534979423868,0.00498034979423868,0.00160329218106996,0,0.0150765432098765,0.000681687242798354,0.00273302469135802,0,0.00449187242798354,0,0.000765740740740741,0,0,0,0,0,0.0055320987654321,0.000329115226337449,0.000365329218106996,1.39917695473251e-05,0,0,0,0.00209434156378601,0,0.000657304526748971,0,0,0,0.000866872427983539,0.000963168724279835,0,0.000543415637860082,0.00396265432098765,0,2.7880658436214e-05,0,0,0.00227716049382716,0,0,0,0,0,0.00150082304526749,0.000636111111111111,1.39917695473251e-05,0.00385349794238683,0,0,0,0,0.000234876543209877,0,0,0,0,0,0,0,0,0,0,0,0,0.00120720164609053,0.000140123456790123,0,1.39917695473251e-05,0,0,0,0,0,0,0,0,0,0,0,0,0,1.39917695473251e-05,0,0,0,0,0,0.000714197530864198
2044,0.54576183127572,0.559975411522634,0.54016841563786,0.484793827160494,0.434983127572016,0.358539609053498,0.230342901234568,0.23936378600823,0.135976028806584,0.0921147119341564,0.0962036008230453,0.110653497942387,0.0781320987654321,0.0646192386831276,0.0350130658436214,0.0805303497942387,0.0428488683127572,0.066611316872428,0.0511747942386831,0.0409195473251029,0.0111327160493827,0.0120869341563786,0.0181731481481481,0.0134828189300412,0.0141235596707819,0.0319087448559671,0.0284818930041152,0.0185320987654321,0.0157340534979424,0.0065429012345679,0.00481090534979424,0.0107457818930041,0.00205030864197531,0.00761923868312757,0.00572191358024691,0.0151537037037037,0.00905504115226338,0.00454794238683128,0,0.00551224279835391,0,0,0.0089082304526749,0.000961831275720165,0.00680380658436214,0.007190329218107,0.00638055555555556,0,0.00129825102880658,0.00150360082304527,0.00066141975308642,0,0,0,0.00784104938271605,6.06995884773663e-06,0,0.00133960905349794,0.000681275720164609,0,0.0215624485596708,0.00991316872427984,0.000492695473251029,0.00102942386831276,0,0,0,0,0,0.0476913580246914,0.000834670781893004,0,0,0,0.0033332304526749,0.000110288065843621,0.00883549382716049,0,0,0.0013141975308642,0.000301131687242798,0.000448765432098765,0,0,0,0.000435288065843621,0,0,0.0100602880658436,0.000358847736625514,0,0.00167232510288066,0,0,0,0,0,0,0,0,0,0.000374897119341564,0.000996296296296296,0,0,0,0,0,0,0,0,0,0,0.00836481481481481,0,0.000629732510288066,0,0,0,0,0,0.000994753086419753,0.000630761316872428,0,0.000534362139917696,0.00151625514403292,0,0,0,0.000263991769547325,0,0,0,0,0,0,0,0,3.7037037037037e-06,0,0,0,0,0,0
2045,0.517894958847737,0.491137757201646,0.484087654320988,0.464109567901235,0.446874279835391,0.315425925925926,0.250129526748971,0.223265946502058,0.196462757201646,0.103529115226337,0.0954271604938272,0.103417386831276,0.0906754115226337,0.0493788065843621,0.024641975308642,0.053570987654321,0.0438550411522634,0.0640310699588477,0.0391099794238683,0.0162416666666667,0.00895987654320988,0.0122390946502058,0.00452088477366255,0.0269307613168724,0.0339364197530864,0.022997633744856,0.0152343621399177,0.0284701646090535,0.000689094650205761,0.0201314814814815,0.00301316872427984,0.00112767489711934,0.0232618312757202,0.00279104938271605,0.00237181069958848,0.00288909465020576,0,0.00620843621399177,0.00724866255144033,0.0126754115226337,0,0.00544413580246914,0.0100584362139918,0,0.0117002057613169,0.00281851851851852,0.00999074074074074,0.000982201646090535,0.0143904320987654,0.00110802469135802,0.0080525720164609,0.0051820987654321,0,0.00245349794238683,0.00412242798353909,0.000887860082304527,0.00188446502057613,0.00146584362139918,0.00107767489711934,0,0,0.000912037037037037,0,0.0144454732510288,0.0115079218106996,0,0.0339929012345679,0.00602530864197531,0,0.00707911522633745,0,0,0.00148004115226337,0,0.000406378600823045,0.000586213991769547,0,0,0,0.000585390946502058,0.000669958847736625,0,0,0,0,0.00525154320987654,0.00203991769547325,0.00682047325102881,0,0.00105781893004115,0,0.00105884773662551,0,0,0,0,0,0,0,0,0,0.00130308641975309,0.00579753086419753,0,0,0,0,0,0,0,0.00543518518518519,0,0,0.00132407407407407,0,0,0,0,0,0,0,0,0.000268930041152263,0,0.00163055555555556,0,0,0,0,0,0,0,0,0,0,0.00182890946502058,0,0,2.36625514403292e-05,0,0,0,0,0,0
2046,0.576299485596708,0.487545061728395,0.514982098765432,0.512201131687243,0.465071913580247,0.333303395061728,0.253831069958848,0.244822530864198,0.137083333333333,0.107775411522634,0.127349588477366,0.110955658436214,0.0602720164609054,0.0645673868312757,0.0512101851851852,0.0276277777777778,0.0385395061728395,0.0720452674897119,0.029920987654321,0.00834146090534979,0.0392410493827161,0.0167980452674897,0.0455645061728395,0.0170872427983539,0.0201105967078189,0.00683981481481482,0.00863549382716049,0.0159727366255144,0.0193883744855967,0.0292866255144033,0.00208816872427984,0.00861810699588477,0.00805318930041152,0.0027679012345679,0.00143446502057613,0,0,0.0037966049382716,0.00382325102880658,0.00651502057613169,0.000652160493827161,0.00149578189300412,0.00573827160493827,0,0.00839104938271605,0.00213662551440329,0,0,0.000126131687242798,0.00283765432098765,0.00656985596707819,0,0.00503004115226337,0,0.000717798353909465,0.00119588477366255,0.00285432098765432,0.000333847736625514,0.000808024691358025,0.00641152263374486,0,0.00100956790123457,0.0135713991769547,0,0,0,0.00114763374485597,0,0.0188720164609054,0,0,0,0.01634670781893,0.00104578189300412,0,0.00253271604938272,0.000650925925925926,0.00221502057613169,0,0.000971913580246913,0.0117051440329218,0,0,0.000455246913580247,0,0.00186512345679012,0,0,0.00273960905349794,0,0.00106697530864198,5.24691358024691e-06,0,0,0,0,0,0,0.000812345679012346,0,0.00143611111111111,0,0.000164300411522634,0.000175720164609053,0,0,0,0,0.000169444444444444,0,0,0,0,0,0,0.00028477366255144,0,0,0,0,0,0,0.000449897119341564,0,0,0.000730555555555556,0,0,0,0,0,0,0,0,0,0,0,0,0,0,0,0,0,0,0
2047,0.577220987654321,0.521502777777778,0.51645524691358,0.493992386831276,0.408886419753086,0.327453703703704,0.24911841563786,0.199013271604938,0.123042181069959,0.129838580246914,0.0977420781893004,0.146324176954733,0.0646454732510288,0.0383630658436214,0.119645164609054,0.0183300411522634,0.0583191358024691,0.0324325102880658,0.0510781893004115,0.0187187242798354,0.0275206790123457,0.0430391975308642,0.017698353909465,0.0367482510288066,0.040209670781893,0.00446728395061728,0.00956090534979424,0.0213503086419753,0.0150949588477366,0.020286316872428,0.0163206790123457,0.0317326131687243,0.0176640946502058,0.00156111111111111,0.00360493827160494,0.0450712962962963,0.013304012345679,0,0.00140473251028807,0.00216882716049383,0,0.0156164609053498,0.00332242798353909,0.0105406378600823,0,0.000623456790123457,0.00221069958847737,0.0103241769547325,0.00497232510288066,0.00744927983539095,0,0,0,0,0,0.000775,0.000632407407407407,0,0,0,0,0,0.00118045267489712,0,0.0157662551440329,0.0169865226337449,0.0248659465020576,0,0,0,0.000641460905349794,0.00694094650205761,0,0.0107804526748971,0,0,0.00524825102880658,0,0,0,0,0,0,0.0113158436213992,0,0.000656172839506173,0,0,0.00117355967078189,0,0.0230049382716049,0.00175699588477366,0,0.0169058641975309,0.00746069958847737,0,0,0,0,0,0.00663415637860082,0,0,0,0,0,0,0.000343930041152263,0.000811934156378601,0,0,0,0,0,0,0,0,0,0,0,0,0,5.04115226337449e-05,0,0,0,0.00356440329218107,0,0,0.00772705761316872,0,0,0,0,0,0,0,0,0,0,0,0,0,0,0
2048,0.564276028806584,0.520389814814815,0.489294547325103,0.509064609053498,0.445575823045267,0.266329115226337,0.271811419753086,0.214474074074074,0.145214300411523,0.115975308641975,0.110388991769547,0.097505658436214,0.04232829218107,0.0680103909465021,0.0524503086419753,0.0564026748971193,0.0383296296296296,0.0415013374485597,0.0279769547325103,0.0395679012345679,0.0340742798353909,0.0242907407407407,0.0464940329218107,0.0328659465020576,0.0243843621399177,0.0183526748971193,0.0110524691358025,0.0462027777777778,0.0260575102880658,0.0201927983539095,0.00879351851851852,0.0140639917695473,0.00723539094650206,0.00817489711934156,0.00931512345679012,0.00485329218106996,0.00292839506172839,0.0117310699588477,0,0.00881820987654321,0,0.00209732510288066,0.00668353909465021,0,0.00762119341563786,0.00341965020576132,0,0.0101395061728395,0.0100654320987654,0.00237170781893004,0,0,0.008315329218107,0.00860812757201646,0.00206934156378601,0.00640421810699588,0.00295586419753086,0.00224670781893004,0.000688786008230453,0,0,0.00566584362139918,0.000683744855967078,0,0.00414444444444444,0,0,0,0.0235137860082305,0.00647541152263374,0.00366234567901235,0,0,0,0.000731378600823045,0.00652520576131687,0,0,0,0,0,0,0,0.000584567901234568,0,0.000538888888888889,0.000262551440329218,0,0,0,0,0.000459362139917695,0.0144182098765432,0,0,0,0,0,0,0,0.00116059670781893,0,0,0,0.00501604938271605,0,0,0,0.0055858024691358,0,0,0,0,0,0,0,0,0,0,0,0,0,0.000240843621399177,0,0,0,0,0,0,0,0,0,0,0,0,0,0,0,0,0,0,0,0.00578713991769547,0,0
2049,0.555562551440329,0.486737448559671,0.529994135802469,0.472454835390947,0.435149382716049,0.284811316872428,0.23729537037037,0.19854670781893,0.149273971193416,0.0987304526748971,0.115725102880658,0.108218004115226,0.0637371399176955,0.0614378600823045,0.0300079218106996,0.0402384773662551,0.0537091563786008,0.0213875514403292,0.020876646090535,0.0762568930041152,0.0588984567901235,0.0338482510288066,0.00631851851851852,0.0470268518518519,0.0334227366255144,0.00700339506172839,0.0516309670781893,0.0429680041152263,0.0192391975308642,0.00463065843621399,0.015872633744856,0.0141984567901235,0.00126512345679012,0.0166284979423868,0.0117039094650206,0.00193971193415638,0.0181722222222222,0.00187057613168724,0,0.0112684156378601,0.000542078189300411,0,0.00188065843621399,0,0.00416296296296296,0.000461316872427984,0.0108409465020576,0,0.000257510288065844,0.012726646090535,0.0018656378600823,0,0.00820133744855967,0,0,0.0134347736625514,0.000636728395061728,0.0141393004115226,0.0104036008230453,0.0119194444444444,0,0,0.0154986625514403,0,0,0,0,0.00208888888888889,0,0,0.00246255144032922,0,0,0,0,0.00220689300411523,0.00854104938271605,0.0188361111111111,0,0.00323539094650206,0.00197942386831276,0.000725411522633745,0,0.00123148148148148,0,0.00312716049382716,0.00142962962962963,0,0.00291255144032922,0.00135432098765432,0,5.34979423868313e-06,0,0.0012488683127572,0,0,0,0,0.00596141975308642,0,0.00104454732510288,5.34979423868313e-06,5.34979423868313e-06,0,0,0,0,0,2.88065843621399e-05,0.0214042181069959,0,0,0.000910699588477366,0,0,0,0,0,0,0,0,0,0.000614094650205761,0,0.00010380658436214,0,0,0.00396697530864198,0,0,0,0,0,0,0,0,0,0,5.34979423868313e-06,0,0,0,0,0,0
2050,0.575630452674897,0.492091255144033,0.509939094650206,0.471790226337449,0.428711625514403,0.305307510288066,0.252228703703704,0.219809773662551,0.134489609053498,0.0894621399176955,0.119800411522634,0.0945611111111111,0.059772633744856,0.0554495884773663,0.0536134773662551,0.048936316872428,0.0777463991769547,0.0321555555555556,0.032762037037037,0,0.0358956790123457,0,0.0302439300411523,0.0336506172839506,0.0367855967078189,0.0150188271604938,0.0118513374485597,0,0.0288352880658436,0.011120987654321,0.0274114197530864,0.013005658436214,0.00443024691358025,0.00700853909465021,0.0106329218106996,0.00586687242798354,0.0149575102880658,0.0113553497942387,0.00531296296296296,0.00807242798353909,0.010902366255144,0,0.00695288065843621,0,0.01024670781893,0.00586388888888889,0.0234646090534979,0.00784989711934156,0.0194937242798354,0.00318940329218107,0.00586008230452675,0,0.00699578189300412,0.002959670781893,0,0.000304115226337449,0.00698703703703704,0.000916049382716049,0.00206697530864198,0.00160401234567901,0.00227037037037037,0.00104763374485597,7.61316872427983e-06,0,0,0.00576687242798354,0,0,0,0,0.00715617283950617,0,0.0175473251028807,0,9.87654320987654e-06,0,0.00254835390946502,0,0,0,0,0,0,0.00044701646090535,0,0.00122119341563786,0.000933641975308642,0,0.000494341563786008,0,0,0.00125504115226337,0,0.0118319958847737,0.00949156378600823,0,0,0,0,0,0,0,0,0.00557376543209877,0,0.00375565843621399,0,0,0,0,0.00557109053497942,0,0,0,0,0,0,0,0,0,0,0,0.000363991769547325,0,0,0.0053391975308642,0,0,0,0,0,0,0,0,0,0,0,0,0,0,0,0,0.0046738683127572,0,0
2051,0.553383230452675,0.509925308641975,0.512032510288066,0.481756069958848,0.39962037037037,0.274688271604938,0.230315740740741,0.230076028806584,0.126208024691358,0.136002880658436,0.138227263374486,0.0946356995884774,0.0761007201646091,0.0682126543209877,0.0525079218106996,0.0861960905349794,0.016106378600823,0.0276013374485597,0.0464524691358025,0.0140911522633745,0.0235530864197531,0.0278737654320988,0.00988076131687243,0.0248170781893004,0.021658024691358,0.0509336419753086,0,0.0179590534979424,0.0145468106995885,0.0225887860082305,0.0161410493827161,0.00521018518518518,0.0109402263374486,0.00245133744855967,0.00365524691358025,0.0114368312757202,0.00951522633744856,0.00240030864197531,0.0266981481481481,0.00256748971193416,0,0.00113744855967078,0.0088119341563786,0.00149804526748971,0.00377376543209877,0.0112208847736626,0.00781059670781893,0.00633878600823045,0.00444022633744856,0.0161050411522634,0.0198029835390947,0.000790329218106996,0,0.0105046296296296,0.00896810699588477,0.0125446502057613,0.00595432098765432,0,0.00121872427983539,0.00898364197530864,0.0104592592592593,0.00359650205761317,0,0.010570987654321,0,0.00485895061728395,0,0.000112448559670782,0,0,0,0,0,0.00821759259259259,9.81481481481482e-05,0.000548045267489712,0.00196656378600823,0.00989598765432099,0.0196090534979424,0.00266882716049383,0,0,0,0.00061059670781893,0,0.000481378600823045,0.000757407407407407,0,0.00563960905349794,0.00273456790123457,0,0.00107211934156379,0,0,0,0,0.00261491769547325,0.0167951646090535,0,0,0.00237633744855967,0.00117345679012346,0.000159876543209877,0.000802777777777778,0,0,0,0,0.00013940329218107,0,0,0.0015380658436214,0,0,0.0107557613168724,0,0,0,0.000750514403292181,0.00113703703703704,0,0,9.84567901234568e-05,0,8.95061728395062e-06,0.000248765432098765,0.013626646090535,0,0,0,0,0,0,0,0.00986440329218107,0,0,0,8.95061728395062e-06,0,0,0,0,0,0
2052,0.511551234567901,0.475637242798354,0.451674176954732,0.451662448559671,0.425087448559671,0.30013621399177,0.242516358024691,0.184285185185185,0.115824176954733,0.135841563786008,0.0967037037037037,0.0668657407407407,0.0671981481481481,0.0595882716049383,0.085942695473251,0.0308343621399177,0.0358687242798354,0.0251159465020576,0.0389896090534979,0.0294097736625514,0.0414393004115226,0,0.0206811728395062,0.0236101851851852,0.0179242798353909,0.0496132716049383,0.0350845679012346,0.0293179012345679,0.013152366255144,0.00835576131687243,0.0146666666666667,0.00310493827160494,0.00162890946502058,0.00700061728395062,0.00754938271604938,0.00217818930041152,0.00644444444444444,0.00378549382716049,0.0237637860082305,0.000709567901234568,0.0144093621399177,0.03339670781893,0.00616769547325103,0,0.00112993827160494,0.00658652263374486,0,0.013116975308642,0.0035201646090535,0.00784547325102881,0.00166121399176955,0.00161707818930041,0,0.00147427983539095,0.0208272633744856,0.0130115226337449,0.00416378600823045,0.0100553497942387,0.00181615226337449,0.00748158436213992,0,0.000594855967078189,0.00826574074074074,0,0.0371616255144033,0.0149952674897119,0,0.00112314814814815,0,0,0.00169506172839506,0,0,0.00712777777777778,0,0.00267798353909465,0,0,0,0.00525761316872428,0.000459053497942387,0.00279722222222222,0,0.000460082304526749,0,0.00107798353909465,0.00427160493827161,0,0.00132561728395062,0,0.0177388888888889,4.98971193415638e-05,0,0,0,0.000926851851851852,0.00136872427983539,0,0,0,0,0.00386409465020576,0.000121399176954733,0.00316368312757202,0.000902777777777778,0,0,0,5.24691358024691e-06,0,0,0,0,0,0,0.000317901234567901,0,0,0.00616975308641975,0,0,0,0.000152880658436214,0.00175442386831276,0.000126131687242798,0,0,0,0,0,0,0,0,0,0,0,0,0,4.82510288065844e-05,0,0,0,0,0,0
2053,0.574408744855967,0.50555329218107,0.555577160493827,0.530225823045267,0.445949691358025,0.25840987654321,0.26754804526749,0.214384362139918,0.149371296296296,0.144002777777778,0.0997867283950617,0.0743705761316872,0.075825720164609,0.0574647119341564,0.032411316872428,0.0535090534979424,0.042457304526749,0.0377612139917696,0.0372487654320988,0.0180108024691358,0.0309277777777778,0.0150407407407407,0.0702244855967078,0.0238028806584362,0.0242474279835391,0.0129940329218107,0.0083025720164609,0,0,0.00559537037037037,0.0071940329218107,0.00672407407407407,0.00293930041152263,0.0139720164609054,0.0013216049382716,0.00760606995884774,0.00905401234567901,0.0130797325102881,0.00328251028806584,0.0114951646090535,0.000672325102880658,0.00129969135802469,0.00117572016460905,0,0.00203415637860082,0.00195864197530864,0.00338024691358025,0,0,0.00927746913580247,0.00138292181069959,0,0.0203935185185185,0.00122767489711934,0.00027283950617284,0.00186707818930041,0.0046582304526749,0,0.00110442386831276,0,0,0,0,0,0,0,0,0,0,0.00179187242798354,0,0,0,0.000693724279835391,0.00555740740740741,0.00107777777777778,0.00479413580246914,0,0,0.00203364197530864,4.92798353909465e-05,0,0.0168104938271605,0,0,5.8641975308642e-06,0.00257674897119342,0,0.000271913580246914,0,0,0.000959259259259259,0,0,0.00433106995884774,0,0,0.00212849794238683,0.00860648148148148,0,0,0.000883333333333333,0.000774794238683128,0,0,0,0,0,0,0,0,0,0,0,0,0,0,0,0,0,0,0,0.000187962962962963,0,0.000492078189300411,0,0,0.000556172839506173,0,0,0,0,0,0,0,0,0,0,0.000429732510288066,0,0,0,0,0,0
2054,0.571052057613169,0.550603703703704,0.547586728395062,0.511953806584362,0.42415133744856,0.298948353909465,0.22494012345679,0.2192170781893,0.169827983539095,0.117314094650206,0.113262242798354,0.107165432098765,0.0824456790123457,0.0502086419753086,0.0643437242798354,0.034886316872428,0.0609427983539095,0.0405581275720165,0.0357458847736625,0.0351038065843621,0.034513683127572,0,0.0230939300411523,0.0198194444444444,0.0306760288065844,0.0635937242798354,0.0536771604938272,0.0285530864197531,0.00462325102880658,0.00608569958847737,0.00733683127572016,0.0116287037037037,0.0114768518518519,0.00894619341563786,0.00320977366255144,0,0,0.00417582304526749,0,0.00170905349794239,0,0.00208631687242798,0.0135649176954733,0,0.012693621399177,0.0130980452674897,0,0.0153358024691358,0,0.00988786008230453,0.00268312757201646,0,0.0117,0,0.000516152263374486,0.00346728395061728,0.00602551440329218,0.00623199588477366,0.0186034979423868,0,0.00228220164609054,0.0227149176954732,0.000873456790123457,0,0,0,0.0246853909465021,0,0,0,0,0.055670987654321,0,0,0,2.57201646090535e-06,0.018652366255144,0,0,0.00135277777777778,0,0,0,0.00061059670781893,0,0.000170473251028807,0.00443117283950617,0,0.00182705761316872,2.57201646090535e-06,0,0.000579320987654321,0,0,0,0,0,0,0,0,0,2.57201646090535e-06,2.57201646090535e-06,0.00568425925925926,0,0,0,0,4.84567901234568e-05,0,0,0,0,0,0.00406265432098765,0,0,0,0,0,0,0,0.000315432098765432,0.000475411522633745,2.57201646090535e-06,0.00253734567901235,0,0,0,0.000236522633744856,0,0,0,0,0,0,0,0,2.57201646090535e-06,0,0,0.00395514403292181,0,0,0
2055,0.574800514403292,0.484655144032922,0.570602160493827,0.582040329218107,0.448385802469136,0.348835493827161,0.232166975308642,0.202435082304527,0.131070473251029,0.136365637860082,0.127628806584362,0.0799378600823045,0.0439871399176955,0.0632239711934156,0.0269839506172839,0.0546089506172839,0.0370114197530864,0.0719227366255144,0.0673640946502058,0.0243498971193416,0.0494930041152263,0.0448078189300412,0.025706378600823,0.0143702674897119,0.0490135802469136,0.0309515432098765,0.0206504115226337,0.0557594650205761,0.0138622427983539,0.0144756172839506,0.00891069958847737,0.0109006172839506,0,0.00398045267489712,0,0.0210865226337449,0.00462952674897119,0.000846399176954733,0,0.000172427983539095,0.050533950617284,0.00219279835390947,0.0114031893004115,0,0.00184927983539095,0.00357242798353909,0,0.00233395061728395,0.00251769547325103,0.0136545267489712,0.00452510288065844,0,0.00842716049382716,0.00759156378600823,0,0,0.00320154320987654,0.000741255144032922,0.00405627572016461,0,0,0.00458713991769547,0.0122954732510288,0.00133343621399177,0,0,0,0,0,0,0,0,0,0,0,0,0,0,0,0,0.000376543209876543,0.00721183127572016,0,0.000346913580246914,0,0.00127098765432099,0.000367181069958848,0,0.00125236625514403,0,0,0,0,0,0.00466131687242798,0.00011738683127572,0,0,0,0,0,0,0,0.000492592592592593,0,0,0,0.000480144032921811,0.000628189300411523,0,0,0,0,0,0,0.0211484567901235,0,0,0,0,0,0,9.15637860082305e-06,0,0,0,0,0,0,0,0,0,0,0,0,0,0,0,0,0,0,0,0,0,0
2056,0.557049794238683,0.525981790123457,0.532525102880658,0.533878600823045,0.429730967078189,0.313785905349794,0.250617798353909,0.23401316872428,0.12246316872428,0.108748148148148,0.121421502057613,0.101416049382716,0.0968045267489712,0.0386778806584362,0.0581052469135802,0.0496180041152263,0.0453472222222222,0.0858651234567901,0.0471560699588477,0.0364477366255144,0.0444684156378601,0.0619042181069959,0.0154853909465021,0.0246353909465021,0.0215414609053498,0.0241788065843621,0.0605301440329218,0,0.0123893004115226,0.0133068930041152,0.00527026748971193,0.000175925925925926,0.0111649176954733,0.00879660493827161,0.00325864197530864,0.0143051440329218,0.0181312757201646,0.0041141975308642,0,0.00414557613168724,0.00228662551440329,0.00139012345679012,0.00896635802469136,0.0368972222222222,0.00806995884773663,0.00416244855967078,0.0178025720164609,0,0,0.0156792181069959,0.00662654320987654,0.00110473251028807,0.00978487654320988,0,0,0,0,0,0.0126132716049383,0.00777191358024691,0,0,0.00313199588477366,0.00204218106995885,0,0,0.00742932098765432,0.00758528806584362,0,0,0,0,0,0,0.0431,0.0075406378600823,0.000531584362139918,0,0,0.00405514403292181,0.0150151234567901,0.000652880658436214,0,0,0.00160987654320988,0.00503631687242798,0,0,0.00265154320987654,0.00327736625514403,0,0.00673240740740741,0,0.0024880658436214,0,0,0.00057417695473251,0,0,0,0.000508641975308642,0.000990946502057613,0.00041656378600823,0,0,0,0,0,0.000406995884773663,0,0,0,0,0,0,0,0,0,0,0.00104670781893004,0,0,0.000201440329218107,0,0.0012548353909465,0.00153940329218107,0.000417901234567901,0,0,0,0,0,0,0,0,0,0,0,1.36831275720165e-05,0,0,0,0,0,0
2057,0.530785596707819,0.513434979423868,0.482882510288066,0.498233127572016,0.461680041152263,0.303091255144033,0.252625308641975,0.169149382716049,0.133692283950617,0.0965312757201646,0.103596399176955,0.11449475308642,0.0629789094650206,0.0513393004115226,0.0589484567901235,0.0418880658436214,0.0562373456790123,0.0330865226337449,0.0208100823045267,0.02882829218107,0.0309408436213992,0.0203488683127572,0.0174783950617284,0.0337184156378601,0.0248068930041152,0.0234312757201646,0.0225637860082305,0.028643621399177,0.0182804526748971,0.0107503086419753,0.00959043209876543,0.00593888888888889,0.00172582304526749,0.00147633744855967,0.0203593621399177,0.00178569958847737,0.00104084362139918,0.0248317901234568,0.0195848765432099,0.0112848765432099,0.0146247942386831,0.00150277777777778,0.0148042181069959,0,0.0162822016460905,0.00930864197530864,0,0,0.0124831275720165,0,0.000786008230452675,0,0,0.000847119341563786,0,4.93827160493827e-06,0.00386100823045267,0.00087201646090535,0.000682201646090535,0.000765534979423868,0.0190137860082305,0.0119569958847737,0,0.00133713991769547,0,0,0.00143251028806584,0.00758251028806584,0.00476687242798354,0.00155257201646091,0.00927263374485597,0,0.00799393004115226,0.00200308641975309,0.00292232510288066,0.00768251028806584,0.000548559670781893,0,0,0.00258168724279835,0.00331995884773663,0,0,0,0,0.0025977366255144,0,0,0.00561625514403292,0.0123192386831276,0,0.00105555555555556,0,0.00161666666666667,0,0.00053775720164609,0,0,0,0,0.0123578189300412,0.00488786008230453,0.0078082304526749,0,0,0,0.00803868312757202,0,0.00521954732510288,0,0,0,0,0,0,0,0,0,0,0,0,0.00329084362139918,0.000338477366255144,0,0.00159927983539095,0,0,0,0,0,0,0,0,0,0,0,0,0,0.00159917695473251,0.00145853909465021,0,0,0,0,0
2058,0.541802469135802,0.503872736625514,0.512220679012346,0.513325,0.405336316872428,0.260362757201646,0.26411378600823,0.215871913580247,0.15409341563786,0.103096399176955,0.132376543209877,0.103324176954733,0.0673991769547325,0.0616229423868313,0.0550528806584362,0.0281172839506173,0.0263789094650206,0.022352366255144,0.0405621399176955,0.0595212962962963,0.0305122427983539,0.0355828189300412,0.0215019547325103,0.0148798353909465,0.0241825102880658,0.0418181069958848,0.0115196502057613,0,0,0.00925751028806584,0.0281514403292181,0.010062962962963,0.00503127572016461,0.00599567901234568,0.00936748971193416,0.000337551440329218,0.0175802469135802,0.0209475308641975,0,0.00121635802469136,0.00102541152263374,0.00222098765432099,0.004359670781893,0,0.00380997942386831,0.0128241769547325,0,0.00080380658436214,0.00471430041152263,0.0050712962962963,0.000877057613168724,0.0142913580246914,0.0220584362139918,0.00319341563786008,0.00120658436213992,0.00342283950617284,0,0,0.01050329218107,0.012869341563786,0.0137421810699588,0,0.00592201646090535,0.00313991769547325,0.00118559670781893,0,0,0.000451543209876543,0,0.000606378600823045,0,0.0156537037037037,0,0.00744927983539095,0.00130781893004115,0.000418312757201646,0,0.00280123456790123,0,0.00362932098765432,0,0.0029238683127572,0,0,0,0.000251851851851852,0.00466872427983539,0,0.000440432098765432,0,0,0.0015130658436214,0,0.00798292181069959,0,0.00114938271604938,0,0.0222762345679012,0,0,0,0.00334711934156379,7.20164609053498e-06,0,0,0,0,0,0.00029783950617284,0,0,0,0,0.00118065843621399,0,0,0,0,0,0,0,0,0.000107201646090535,0,7.20164609053498e-06,0,0,0,0,0,0,0,0,0.00314475308641975,0,0,0,0,7.20164609053498e-06,0,0,0,0,0.0111097736625514,0
2059,0.532972633744856,0.46866975308642,0.464922530864198,0.444330452674897,0.401906995884774,0.297433127572016,0.252683641975309,0.178654938271605,0.132602263374486,0.0957842592592593,0.0677970164609053,0.117205967078189,0.0490490740740741,0.0822106995884774,0.0342513374485597,0.049007304526749,0.0421202674897119,0.0305744855967078,0.0290611111111111,0.0410590534979424,0.0453738683127572,0.0500179012345679,0.0574468106995885,0.0107479423868313,0.019054012345679,0.0178486625514403,0.071482304526749,0.0339691358024691,0.00708590534979424,0.0193731481481481,0.00753179012345679,0.00714866255144033,0.0166817901234568,0.00987067901234568,0.0167550411522634,0.00368631687242798,0.0117835390946502,0.00311728395061728,0,0.00551368312757202,0,0,0.00676718106995885,0,0.00499485596707819,0.00525288065843621,0.00131131687242798,0,0,0.00581995884773663,0.0171778806584362,0.0246054526748971,0.0130261316872428,0.0022261316872428,0.00855504115226337,0.00905792181069959,0,0.00327973251028807,0.00678240740740741,0.0150168724279835,0.0087417695473251,0,0,0,0,0,0,0.00528117283950617,0,0,0,0,0.00146666666666667,1.21399176954733e-05,0.00304609053497942,0.00658374485596708,0,0,0,0.00807736625514403,0.00642777777777778,0.00327746913580247,0,0,0,0.000774382716049383,0.00017880658436214,0,0.0045141975308642,0.003275,0,4.95884773662551e-05,0.00632098765432099,0,0,0,0,0,0.00583940329218107,0,0,0.00488415637860082,0.00298837448559671,0.0015380658436214,0,0.00137407407407407,0,0,0.00634907407407407,0,0,0,0,0,0,0,0,0,0,0,0.00226090534979424,0,3.98148148148148e-05,0.0157414609053498,0.000907510288065844,0,0,0,0,0,0,0,0,0,0,0,0,0,0.00324526748971193,0,0.000661728395061728,0,0.00045462962962963,0,0
2060,0.562338786008231,0.475037037037037,0.505801543209877,0.488822942386831,0.413890226337449,0.247887757201646,0.253885185185185,0.208664197530864,0.224709773662551,0.129092181069959,0.147902263374486,0.1158579218107,0.0499622427983539,0.0593817901234568,0.0226952674897119,0.0277701646090535,0.059305658436214,0.0581448559670782,0.0442501028806584,0.0219274691358025,0.0325069958847737,0.087386316872428,0.0122187242798354,0.0275851851851852,0.0149913580246914,0.0125658436213992,0.0129131687242798,0.0353166666666667,0.0277475308641975,0.0107208847736626,0.0079869341563786,0.00448930041152263,0.00100637860082305,0.0230721193415638,0.0183244855967078,0.00686430041152263,0.0159401234567901,0.0107278806584362,0,0.00484578189300412,0,0.00296543209876543,0.0104126543209877,0,0.00372674897119342,0.00949094650205761,0.0143395061728395,0,0.0109688271604938,0,0.00508189300411523,0,0.0166133744855967,0.00138847736625514,0.00072962962962963,0.00203251028806584,0,0.0251255144032922,0.00407057613168724,0,0,0.000693004115226337,0.000601028806584362,0,0,0,0,0.00144845679012346,0.0109407407407407,0.0111619341563786,0,0,0.00486862139917695,0,0,0.000917695473251029,0.00131882716049383,0,0,0.000116769547325103,0,0.00341183127572016,0,0,0,0.00374238683127572,0.000516460905349794,0,0,0,0,0.000157201646090535,0,0,0,0,0,0,0,0,0,0,0.000347325102880658,0.000601440329218107,0,0.00186049382716049,0,0,0,0,0,0,0,0,0,0,0,0,0,0,0,0,0.000695679012345679,0,3.18930041152263e-06,0,0,0,0,0,0,0,0,0,0,0,0,0,0.00016522633744856,0,0,0,0,0,0
2061,0.549377572016461,0.516400925925926,0.532447839506173,0.463454835390947,0.345775925925926,0.305866152263374,0.248320987654321,0.232762654320988,0.113252777777778,0.0894550411522634,0.130106893004115,0.1052420781893,0.0563043209876543,0.0500231481481481,0.0293205761316872,0.0497196502057613,0.0315441358024691,0.0263528806584362,0.0426268518518519,0.039061316872428,0.0298094650205761,0.0145376543209877,0.0251187242798354,0.0138139917695473,0.0337762345679012,0.0176,0.00623292181069959,0.0267527777777778,0.00332283950617284,0.0117742798353909,0.00620164609053498,0.00676543209876543,0.0326606995884774,0.0226031893004115,0.00865524691358025,0,0.00499238683127572,0.00254537037037037,0,0.0144791152263374,0,0.0293074074074074,0.00412767489711934,0.0249376543209877,0.00836039094650206,0.00397541152263375,0.000870164609053498,0.00378158436213992,0.00636543209876543,0.00885751028806584,0,0.000923971193415638,0.0011332304526749,0,0.0124190329218107,0.00146244855967078,0,0,0,0.0156982510288066,0,0.000844855967078189,0.0025212962962963,0,0,0,0,0.000525617283950617,0.00332664609053498,0,0.00422376543209877,0,0,0.0133204732510288,0,0,0,0,0,0,0.00539876543209877,0,0,0.000626646090534979,0,0.00133446502057613,0.000386316872427984,0,0.000266152263374486,0,0,0.00179578189300412,0,0.00212818930041152,0,0,0.00503816872427984,0,0,0,0.000579320987654321,0,0,0.000842283950617284,0,0,0,0,0,0,0,0,0,0,0,0,0,0,0.000314609053497942,0,0,0,0.000862860082304527,0,0,0,0,0.000873559670781893,0,0,0,0,0,0,0,0,0,0,0,0,0,0.0029962962962963,0,0,0
2062,0.510838991769547,0.477233436213992,0.485781275720165,0.452422942386831,0.417456995884774,0.313316872427984,0.258385802469136,0.230999382716049,0.136442283950617,0.0531194444444444,0.0941432098765432,0.0909116255144033,0.0875496913580247,0.0468912551440329,0.0763548353909465,0.0388381687242798,0.0491389917695473,0.0307528806584362,0.0280069958847737,0.0506208847736625,0.0143310699588477,0.0327267489711934,0.0208490740740741,0.022984670781893,0.0300844650205761,0.0330474279835391,0.033027366255144,0.0261900205761317,0.0202601851851852,0.0147303497942387,0.00183539094650206,0.00675884773662552,0.00594228395061728,0.00555761316872428,0.00743858024691358,0,0.0032451646090535,0.00658384773662551,0.0287062757201646,0.0110994855967078,0.00553539094650206,0.0044059670781893,0.00299104938271605,0.00204444444444444,0.00704804526748971,0.00155329218106996,0,0.00657150205761317,0,0.0129530864197531,0.00143786008230453,0.011879012345679,0.0181156378600823,0.00180781893004115,0,0.000625617283950617,0,0.00418251028806584,0,0,0.00293281893004115,0.00115586419753086,0.0206102880658436,0,0,0,0.0063298353909465,0.0033451646090535,0,0.00579578189300412,0,0,0,0.00184187242798354,0,2.26337448559671e-06,0,0.0054820987654321,0,2.26337448559671e-06,0.00102211934156379,0.000921707818930041,0,0.00721965020576132,0,0.00101090534979424,0.00635699588477366,0,0.000971604938271605,0.0001559670781893,0.0114995884773663,0.00111430041152263,0.00283559670781893,0,0.00614156378600823,0.0187691358024691,0.000649794238683128,0,0,0,5.76131687242798e-06,7.88065843621399e-05,2.26337448559671e-06,0,0.000801543209876543,0,0,0,0,0,0,0,0.0146780864197531,0.000284979423868313,0,0,0,0.000313991769547325,0,0,0,0,0.000103600823045267,0,0.000633230452674897,0,0,0,0,0,0,0,0,0,0,0,0,0,2.26337448559671e-06,0.00396923868312757,0,0.000971502057613169,0,0,0
2063,0.551877263374486,0.517354320987654,0.4907670781893,0.500003086419753,0.445778703703704,0.256967283950617,0.229965226337449,0.210976440329218,0.149540020576132,0.0820732510288066,0.104538477366255,0.157489711934156,0.0498412551440329,0.0675840534979424,0.0337227366255144,0.0333833333333333,0.0668551440329218,0.0742411522633745,0.0309187242798354,0.0567225308641975,0.0276283950617284,0.0155507201646091,0.0336847736625514,0.0224851851851852,0.0262673868312757,0.0299108024691358,0.0136077160493827,0.0264570987654321,0.00897098765432099,0.0154826131687243,0.00212818930041152,0.00788487654320988,0.0110562757201646,0.0125012345679012,0.00343230452674897,0.000836111111111111,0.00346378600823045,0.00824146090534979,0.00541769547325103,0.00926039094650206,0.00200236625514403,0.0257076131687243,0.0140458847736626,0,0.00881141975308642,0.00896059670781893,0.00834393004115226,0.0193151234567901,0.00782366255144033,0.00542314814814815,0.00212366255144033,0.00844681069958848,0,0.00468240740740741,0.000693415637860082,0.00376831275720165,0.00914002057613169,0.0147982510288066,0.00267160493827161,0.00861893004115226,0,0,0.000475617283950617,0,0,0.00361779835390946,0,0,0.00171450617283951,0,0.00666028806584362,0.0162902263374486,0,0.00506234567901235,0.00320360082304527,0.00638034979423868,0.00186430041152263,0.00160514403292181,0.0165991769547325,0.00854588477366255,0.000358024691358025,0.00164639917695473,0,0.0130058641975309,0,0.00202602880658436,0,0,6.96502057613169e-05,0.000427674897119342,0.00107253086419753,0.00384578189300412,0,0,0.00604989711934156,0,0,0,0,0.00183796296296296,0.00215720164609053,1.64609053497942e-06,0.00409259259259259,0.000640123456790123,0,0,0,0.00157057613168724,0,0,0,0,0,0,0,0,0,0,0,0,0,8.35390946502058e-05,0.000250925925925926,0,1.64609053497942e-06,0.000830144032921811,0,0,0,0,0,0,0,0,0,0,0.00194413580246914,0,1.64609053497942e-06,0,0,0,0,0,0
2064,0.54865658436214,0.540836419753086,0.475577366255144,0.467781893004115,0.452908744855967,0.327546810699588,0.26651450617284,0.218302366255144,0.109083847736626,0.127905452674897,0.142849074074074,0.132436522633745,0.0539454732510288,0.0555756172839506,0.0566692386831276,0.0412114197530864,0.0541754115226337,0.032731378600823,0.028790329218107,0.057265329218107,0.0259873456790123,0.0452825102880658,0.0359744855967078,0.0232966049382716,0.021187962962963,0.0233350823045267,0.0260991769547325,0.0266991769547325,0.0105200617283951,0.0126562757201646,0.0047369341563786,0.00240174897119342,0.0153921810699588,0.00217932098765432,0.0186043209876543,0,0.0141265432098765,0.0204430041152263,0.00295833333333333,0.00618827160493827,6.89300411522634e-06,0.000500617283950617,0.00135637860082305,0,0.0051369341563786,0.00109300411522634,0.00032962962962963,0.00819825102880658,0.0077608024691358,0.0004309670781893,0.00676450617283951,0,0,0.00383837448559671,0,0.000754012345679012,0.00995174897119342,0,6.89300411522634e-06,0,0,0,0,0,0,0,0.00133539094650206,0,0,0,0,0,0,0,0,0,0.00638549382716049,0,0,0,0.000511625514403292,0.00190884773662551,0,0,0.00132572016460905,0,0.00127150205761317,0,0.00311183127572016,0,0,0,0,0,0.0121643004115226,0,0,0,0,0,0,0,0,0,0,0.000555246913580247,0,0,0.00386316872427984,0,0,0,0,0,0,0,0.00166203703703704,0.000649074074074074,0,0,0,0,0.000336008230452675,0,0,0,0,0,0,0,0.00126388888888889,0,0,0,0,0,0,0,0,0,0,0,0,0,0
2065,0.557534156378601,0.536773456790123,0.520239197530864,0.477388374485597,0.454907716049383,0.314925411522634,0.231405452674897,0.216941975308642,0.154457716049383,0.110305041152263,0.113185185185185,0.0940022633744856,0.072436316872428,0.0649511316872428,0.0321753086419753,0.0688456790123457,0.0392489711934156,0.0440847736625514,0.0327665637860082,0.0687025720164609,0.0363777777777778,0.00377911522633745,0.0388052469135802,0.0263111111111111,0.0216117283950617,0.0265829218106996,0.00672026748971193,0.0231988683127572,0.00466995884773663,0.0222240740740741,0.00325781893004115,0.00112355967078189,0.0174007201646091,0.00542860082304527,0.0442832304526749,0.0146030864197531,0.00669084362139918,0.000352880658436214,0.00124248971193416,0.0104409465020576,0.0130067901234568,0.00207520576131687,0.008759670781893,0,0.00264053497942387,0.0032809670781893,0,0.00093343621399177,0.00785473251028807,0.000372325102880658,0.00464938271604938,0,0,0,0,0,0.00336121399176955,0,0.00125174897119342,0,0.00891656378600823,0,0.0046417695473251,0.000968415637860082,0,0,0,0.00169845679012346,0.0397708847736626,0,0,0,0.00159938271604938,0,0,0.000504012345679012,0.00449547325102881,0.00115833333333333,0,0.00167582304526749,0.000280555555555556,0.000322942386831276,0,0,0,0,0,0,0.000157201646090535,0,0,0.00273518518518519,0,0.00387890946502058,0,0,0,0,0,0,0.00441759259259259,0.000490123456790123,0.000696296296296296,0.00019917695473251,0.0112633744855967,0.000237345679012346,0,0.00285853909465021,0,0,0.00926975308641975,0,0.0020977366255144,0,0.00363724279835391,0,0,0,0,0,0,0.00935493827160494,7.96296296296296e-05,0,8.53909465020576e-06,0,0,0,0,0,0,0,0,0,0,0,0,0,8.53909465020576e-06,0,0,7.37654320987654e-05,0,0,0
2066,0.547094650205761,0.549861522633745,0.515064609053498,0.501260390946502,0.419451543209877,0.352044855967078,0.277351234567901,0.236115740740741,0.115374691358025,0.12751841563786,0.138909053497942,0.0824200617283951,0.0541221193415638,0.0698319958847737,0.0495368312757202,0.0161677983539095,0.0671710905349794,0.0501274691358025,0.0404172839506173,0.0132902263374486,0,0.0305141975308642,0.0511091563786008,0.0105786008230453,0.0445689300411523,0.0235791152263374,0.0596784979423868,0.00107325102880658,0.0227099794238683,0.0157704732510288,0.0122141975308642,0.0080951646090535,0.00166728395061728,0.00254475308641975,0.0147608024691358,0.00125874485596708,0.00475771604938272,0.0105990740740741,0.00171574074074074,0.00622366255144033,0.00054022633744856,0.0451530864197531,0.00287355967078189,0.0338478395061728,0.00469814814814815,0.0052548353909465,0,0.000922222222222222,0.000835802469135802,0.00256769547325103,0.00663858024691358,0,0,0.0184223251028807,0,0.00215257201646091,6.48148148148148e-06,0.00441893004115226,0.00458168724279835,0.00121378600823045,0.00776378600823045,0.000553703703703704,0.00323117283950617,0.0127587448559671,0,0.022209670781893,0.000627263374485597,0.000912345679012346,0,0.00146491769547325,0,0,0,0.00563508230452675,0,7.81893004115226e-06,0,0,0,0.00122201646090535,0.00205205761316872,0.000992078189300411,0.0148364197530864,0,0,0.00195051440329218,0,0.0346094650205761,0.0001309670781893,0.00487623456790123,0,7.81893004115226e-06,0.00108230452674897,0,0,0.000599897119341564,0,0,0,0.0156236625514403,0,0.000401543209876543,7.81893004115226e-06,0,0,0,0,0,0.00413374485596708,0,0,0,0,0,0,0,0,0,0.000691975308641975,0,0,0.000558333333333333,5.18518518518518e-05,0,7.81893004115226e-06,0.000653292181069959,0,0,0,0,0,0,0,0,0,0.0108077160493827,0,0,7.81893004115226e-06,0,0,0,0,0,0
2067,0.558548353909465,0.597555658436214,0.511899794238683,0.48546316872428,0.479877674897119,0.273877366255144,0.247920679012346,0.198683744855967,0.177600617283951,0.126101748971193,0.143425411522634,0.107627263374486,0.090817695473251,0.0457196502057613,0.0912731481481481,0.0282348765432099,0.0627101851851852,0.0337931069958848,0.0461411522633745,0.0189799382716049,0.0252779835390947,0.0391701646090535,0.0457219135802469,0.0286466049382716,0.0169197530864198,0.0298168724279835,0.00258662551440329,0.0291085390946502,0.00525,0.0133007201646091,0.0363304526748971,0.000797633744855967,0.0160049382716049,0.0140514403292181,0.0275505144032922,0.00165545267489712,0.0065951646090535,0.00671008230452675,0,0.00307366255144033,0.0112114197530864,0.0013656378600823,0.00961327160493827,0,0.0121307613168724,0.00566286008230453,0,0.00805504115226337,0.00699557613168724,0.00405915637860082,0.00253179012345679,0.00105462962962963,0.0262729423868313,0.000643004115226337,0.00483539094650206,0.00403312757201646,0.0017283950617284,0.00161738683127572,0.00624897119341564,0.00472685185185185,0.00109855967078189,0.000785699588477366,0.00260730452674897,0.00402602880658436,0,0,0.00674855967078189,0.00384547325102881,0,0,0,0.00108816872427984,0,0,0,0.00740689300411523,0.000347427983539095,0,0.0151131687242798,0.00541985596707819,0.000968621399176955,0.00362078189300412,0,0.00472232510288066,0,2.2119341563786e-05,0,0,0.000373353909465021,0.00813189300411523,0,0.001325,0.0294775720164609,0,0,0,0,0,0,0,0,0.00261965020576132,0.0031048353909465,0,0,0,0,0,0.000275308641975309,0,0.0016048353909465,0,0,0,0.00101471193415638,0,0,0.0084119341563786,0,0,0,0.00113816872427984,0.000101954732510288,0,0.000910802469135802,0,0.000237037037037037,0,0,0,0,0,0,0,0,0,0,0,0.00112952674897119,0.00111748971193416,0,0,0,0,0
2068,0.5203420781893,0.5035,0.470391152263374,0.47161841563786,0.371484979423868,0.299238683127572,0.255768930041152,0.222675,0.135999485596708,0.151772222222222,0.0682986625514403,0.155351646090535,0.0490425925925926,0.0554984567901235,0.0400850823045268,0.0341481481481481,0.0651295267489712,0.0367398148148148,0.0751637860082305,0.0525973251028807,0.0342611111111111,0.0410944444444444,0.0241889917695473,0.0349614197530864,0.0277196502057613,0.034937037037037,0.0464183127572016,0.020037037037037,0.0381161522633745,0.0228371399176955,0.0103834362139918,0.0199856995884774,0.00520349794238683,0.0150417695473251,0.00454372427983539,0.0169993827160494,0.00212757201646091,0.00402644032921811,0.0105498971193416,0.0118264403292181,0.00112458847736626,0.00326111111111111,0.0103174897119342,0.005209670781893,0,0.0146963991769547,0.0232503086419753,0.0254122427983539,0.000309053497942387,0.00698456790123457,0.00691388888888889,0.0156962962962963,0.00502510288065844,0.000876748971193416,0.0021093621399177,0.00263878600823045,0.00152561728395062,0.00688847736625514,0.00837911522633745,0.0186972222222222,0,0,0.00696707818930041,0.00702407407407407,0,0.000939814814814815,0,0.00137757201646091,0,0,0.00828549382716049,0,0,0.00831800411522634,0,0,0,0,0,0,0.00820740740740741,0,0.0138975308641975,0,0.0112156378600823,0.00123847736625514,0.000349485596707819,0,1.96502057613169e-05,0,0,0,0,0,0,0,0.00219423868312757,0,0,0.000707510288065844,0.00106460905349794,0,0,0.000453703703703704,0,0,0,0,0,0.000771707818930041,0,0,0,0,0,0,0,0,0.00101255144032922,0,0,0,0.000466152263374486,0,0,0,0,0,0,0,0,0,0,0,0,0,0.00590956790123457,0.000940123456790123,0,0,0,0,0,0,0
2069,0.578715637860082,0.531838477366255,0.493693621399177,0.498172119341564,0.47363683127572,0.298560390946502,0.195254320987654,0.197264094650206,0.0814988683127572,0.143844135802469,0.0916909465020576,0.113600308641975,0.0595409465020576,0.0750312757201646,0.046541975308642,0.0864612139917696,0.0529381687242798,0.051566049382716,0.030147633744856,0,0.00718333333333333,0.0186509259259259,0.00407109053497942,0.0125044238683128,0.0126963991769547,0.0499764403292181,0.0245431069958848,0.00495987654320988,0.00148549382716049,0.0067,0,0.0242127572016461,0.0126980452674897,0.0235526748971193,0.00193158436213992,0.029177366255144,0.00335761316872428,7.71604938271605e-06,0.000837242798353909,0.00457520576131687,0.00279465020576132,0.00647777777777778,0.00931697530864197,0.0246382716049383,0.00761841563786008,0.0167317901234568,0,0.0171551440329218,0.00492304526748971,0.0124599794238683,0.0282187242798354,0.00254794238683128,0,0.0195513374485597,0.00105380658436214,0.00301985596707819,0,0.00159547325102881,0.0179097736625514,0,0.00403960905349794,0.00145195473251029,0.00234917695473251,0,0.0304739711934156,0,0,0.00254794238683128,0,0,0,0,0,0.00945072016460905,0,0.00195380658436214,0.00581893004115226,0,0.000520781893004115,0.00518251028806584,0.00068940329218107,0,0,0.00283302469135802,0,0.00142325102880658,0,0,0.000284670781893004,0.00791296296296296,0,0.0075488683127572,0,0,0,0,0,0,0.0122441358024691,0,0,0.00389207818930041,0.00146090534979424,0,0,0,0,0.00839711934156379,0,0.00814989711934156,0,0,0,0,0,0.000562345679012346,0,0,0,0,0,6e-04,0.000216152263374486,0,2.41769547325103e-05,0,0,0,0.0158478395061728,0,0.0133454732510288,0,0,0,0,0,0,0,3.04526748971193e-05,0,0,0,0,0,0
2070,0.573543518518518,0.550823456790123,0.516196193415638,0.488158127572016,0.454765020576132,0.313129938271605,0.203913888888889,0.204839814814815,0.118240740740741,0.160482818930041,0.161864403292181,0.106172016460905,0.0881009259259259,0.0595560699588477,0.0553801440329218,0.0642787037037037,0.055975,0.0458519547325103,0.0423855967078189,0.0151385802469136,0,0.0289711934156379,0.0222688271604938,0.0162558641975309,0.0111690329218107,0.0534157407407407,0.030398353909465,0.026352366255144,0.00123981481481481,0.0316062757201646,0.0161657407407407,0.0153448559670782,0.00498425925925926,0.00280452674897119,0.00606460905349794,0.0325728395061728,0.00226893004115226,0.0176589506172839,0.0062977366255144,0.00601759259259259,0.0164685185185185,0.000478189300411523,0.00734238683127572,0,0.00616985596707819,0.00111296296296296,0.00489537037037037,0,0.008075,0,0.0104853909465021,0,0.00335730452674897,0.00997335390946502,0.0012977366255144,0.012984670781893,0.0054238683127572,0.000973662551440329,0.000278292181069959,0,3.49794238683128e-06,0,0,0,0.00187047325102881,0,0.0073272633744856,0.00423024691358025,0.00837572016460905,0,0.00371265432098765,0,0,0,0,0.000366872427983539,0.000291975308641975,0,0,0.000749897119341564,0.00631687242798354,0,0,0,0,0.00304094650205761,0.00128045267489712,0.0141514403292181,0.00114310699588477,0.000350925925925926,0,4.4238683127572e-06,0,0,0,0,0.00441430041152263,0,0,0,0,0.00162602880658436,4.4238683127572e-06,0,0,0.00136779835390947,0,0,0,0,0,0,0,0,0,0,0,0,0,0,0.00713724279835391,0.000659156378600823,0.000123045267489712,0,0.0011869341563786,0,0,0,0,0.000860185185185185,0,0,0,0,0,0,0,0,4.4238683127572e-06,0,0,0,0,0,0
2071,0.595380041152263,0.526050411522634,0.524499588477366,0.493754218106996,0.47377366255144,0.269271502057613,0.264768518518519,0.210332304526749,0.109273559670782,0.11528683127572,0.111938065843621,0.119210288065844,0.0666076131687243,0.0737207818930041,0.0439574074074074,0.0385360082304527,0.0476308641975309,0.0197609053497942,0.035440329218107,0.0460954732510288,0.0510034979423868,0.0300814814814815,0.0299661522633745,0.0319175925925926,0.037295987654321,0.022486316872428,0.00956882716049383,0.00543631687242798,0.0121104938271605,0.0215104938271605,0.00286594650205761,0.0120376543209877,0.00471882716049383,0.00272541152263374,0.00584650205761317,0,0.00230442386831276,0.00235277777777778,0.00261893004115226,0.00232777777777778,0.019491049382716,0.0144411522633745,0.00374053497942387,0.0391111111111111,0.00158374485596708,0,0.0200628600823045,0.00710627572016461,0.0105461934156379,0.00392201646090535,0.0102229423868313,0.0126901234567901,0,0.00891316872427983,0.00515390946502058,0.00543168724279835,0.0225672839506173,0,0.00124207818930041,0.00544763374485597,0,0,0.00030462962962963,0.00236779835390947,0.0114479423868313,0,0,0.00288127572016461,0,0,0,0,0,0,0,0.00189681069958848,0.000937654320987654,0,0,0,0.00435257201646091,0.00467232510288066,0,0.000201851851851852,0,0.000983024691358025,9.05349794238683e-05,0,0.000513168724279835,0,0,0,0,0,0,0.00269506172839506,0.00724300411522634,0.00518724279835391,0,0,0,0,0,0,0,0,0,0.0123102880658436,0,0,0,0.00208251028806584,0,0,0,0,0,0.00496831275720165,0,0,0,0,0.000423456790123457,0,0,0.00116728395061728,0,0,0,0,0,0,0,0,0,0,0,0,0,0,0,0,0,0,0
